watched_date,tmdb_id,imdb_id,title,release_year,my_rating,star_rating,is_rewatch
2019-01-14,99861,tt2395427,Avengers: Age of Ultron,2015,70.0,,false
2019-01-14,100402,tt1843866,Captain America: The Winter Soldier,2014,70.0,,false
2019-01-19,747,tt0365748,Shaun of the Dead,2004,70.0,,false
2019-01-20,283995,tt3896198,Guardians of the Galaxy Vol. 2,2017,70.0,,false
2019-01-20,333339,tt1677720,Ready Player One,2018,50.0,,false
2019-01-21,284054,tt1825683,Black Panther,2018,60.0,,false
2019-01-21,271110,tt3498820,Captain America: Civil War,2016,80.0,,false
2019-01-23,28,tt0078788,Apocalypse Now,1979,100.0,,false
2019-01-24,433249,tt3256226,IO,2019,50.0,,false
2019-01-26,4539,tt0102015,Hearts of Darkness: A Filmmaker's Apocalypse,1991,100.0,,false
2019-01-27,818,tt0295178,Austin Powers in Goldmember,2002,40.0,,false
2019-02-02,468362,tt5968274,The Angel,2018,70.0,,false
2019-02-02,2567,tt0338751,The Aviator,2004,70.0,,false
2019-02-03,170,tt0289043,28 Days Later,2002,80.0,,false
2019-02-03,24,tt0266697,Kill Bill: Vol. 1,2003,70.0,,false
2019-02-03,393,tt0378194,Kill Bill: Vol. 2,2004,70.0,,false
2019-02-04,12475,tt0110123,In the Army Now,1994,80.0,,false
2019-02-04,376660,tt1878870,The Edge of Seventeen,2016,80.0,,false
2019-02-14,510498,tt8128188,High Flying Bird,2019,80.0,,false
2019-02-16,93856,tt1991245,Chernobyl Diaries,2012,50.0,,false
2019-02-23,9571,tt0106677,Dazed and Confused,1993,90.0,,false
2019-02-23,78997,tt2060510,Jimi Hendrix: Voodoo Child,2010,80.0,,false
2019-02-23,11324,tt1130884,Shutter Island,2010,30.0,,false
2019-02-28,18785,tt1119646,The Hangover,2009,80.0,,false
2019-03-01,399579,tt0437086,Alita: Battle Angel,2019,50.0,,false
2019-03-03,177221,tt2272350,The Battery,2012,70.0,,false
2019-03-07,1271,tt0416449,300,2007,80.0,,false
2019-03-15,399361,tt1488606,Triple Frontier,2019,70.0,,false
2019-03-24,948,tt0077651,Halloween,1978,70.0,,false
2019-03-25,458723,tt6857112,Us,2019,90.0,,false
2019-03-27,1830,tt0399295,Lord of War,2005,80.0,,false
2019-03-31,7553,tt0348333,Waiting...,2005,90.0,,false
2019-04-02,7453,tt0371724,The Hitchhiker's Guide to the Galaxy,2005,80.0,,false
2019-04-03,447332,tt6644200,A Quiet Place,2018,80.0,,false
2019-04-03,15516,tt0068833,The Last House on the Left,1972,90.0,,false
2019-04-04,419430,tt5052448,Get Out,2017,80.0,,false
2019-04-06,3085,tt0032599,His Girl Friday,1940,90.0,,false
2019-04-09,299537,tt4154664,Captain Marvel,2019,80.0,,false
2019-04-12,345940,tt4779682,The Meg,2018,70.0,,false
2019-04-13,361292,tt1034415,Suspiria,2018,100.0,,false
2019-04-14,11906,tt0076786,Suspiria,1977,80.0,,false
2019-04-15,213681,tt2461150,Masterminds,2016,70.0,,false
2019-04-17,207774,tt2781832,The Borderlands,2014,70.0,,false
2019-04-19,11906,tt0076786,Suspiria,1977,90.0,,false
2019-04-19,437586,tt5613484,mid90s,2018,70.0,,false
2019-04-22,593035,tt9562694,Alien Warfare,2019,50.0,,false
2019-04-27,589871,tt10050782,Grass Is Greener,2019,80.0,,false
2019-04-27,244786,tt2582802,Whiplash,2014,70.0,,false
2019-04-28,481375,tt2386237,Malevolent,2018,60.0,,false
2019-04-30,106845,tt1612319,Re-Kill,2015,80.0,,false
2019-05-05,329010,tt4503598,Emelie,2016,60.0,,false
2019-05-06,299536,tt4154756,Avengers: Infinity War,2018,80.0,,false
2019-05-08,59968,tt1637706,Our Idiot Brother,2011,80.0,,false
2019-05-09,361292,tt1034415,Suspiria,2018,90.0,,false
2019-05-11,371560,tt5225338,The Eyes of My Mother,2016,90.0,,false
2019-05-12,1880,tt0087985,Red Dawn,1984,60.0,,false
2019-05-13,310131,tt4263482,The Witch,2016,70.0,,false
2019-05-16,198184,tt1823672,Chappie,2015,90.0,,false
2019-05-17,458156,tt6146586,John Wick: Chapter 3 - Parabellum,2019,80.0,,false
2019-05-18,346364,tt1396484,It,2017,90.0,,false
2019-05-19,565312,tt9358052,Knock Down the House,2019,100.0,,false
2019-05-23,334536,tt3286052,The Blackcoat's Daughter,2017,70.0,,false
2019-05-24,583,tt0079470,Life of Brian,1979,100.0,,false
2019-05-31,11665,tt0425061,Get Smart,2008,80.0,,false
2019-06-04,5236,tt0373469,Kiss Kiss Bang Bang,2005,90.0,,false
2019-06-06,11455,tt0078446,Up in Smoke,1978,90.0,,false
2019-06-07,606215,tt10289996,The Black Godfather,2019,100.0,,false
2019-06-08,346385,tt3727120,The History of Time Travel,2014,60.0,,false
2019-06-09,1092,tt0041959,The Third Man,1949,90.0,,false
2019-06-16,3509,tt0405296,A Scanner Darkly,2006,70.0,,false
2019-06-16,11381,tt0114694,Tommy Boy,1995,90.0,,false
2019-06-21,103328,tt2076220,Holy Motors,2012,60.0,,false
2019-06-21,460885,tt6998518,Mandy,2018,70.0,,false
2019-06-29,11665,tt0425061,Get Smart,2008,80.0,,false
2019-06-29,11544,tt0275847,Lilo & Stitch,2002,80.0,,false
2019-06-30,15022,tt0407732,Dirty Deeds,2005,60.0,,false
2019-06-30,181886,tt2316411,Enemy,2014,60.0,,false
2019-07-02,530385,tt8772262,Midsommar,2019,90.0,,false
2019-07-03,11977,tt0080487,Caddyshack,1980,90.0,,false
2019-07-05,294963,tt2494362,Bone Tomahawk,2015,80.0,,false
2019-07-06,10774,tt0074958,Network,1976,80.0,,false
2019-07-10,301528,tt1979376,Toy Story 4,2019,90.0,,false
2019-07-20,24803,tt1135503,Julie & Julia,2009,70.0,,false
2019-07-22,398818,tt5726616,Call Me by Your Name,2017,80.0,,false
2019-07-22,9067,tt0114614,Tank Girl,1995,60.0,,false
2019-07-31,466272,tt7131622,Once Upon a Time... in Hollywood,2019,80.0,,false
2019-08-03,27475,tt0084695,The Slumber Party Massacre,1982,60.0,,false
2019-08-17,256274,tt2870612,"As Above, So Below",2014,80.0,,false
2019-08-17,122081,tt2101441,Spring Breakers,2013,90.0,,false
2019-08-18,531509,tt4180560,Otherhood,2019,80.0,,false
2019-08-22,11351,tt0301470,Jeepers Creepers 2,2003,60.0,,false
2019-08-23,299534,tt4154796,Avengers: Endgame,2019,90.0,,false
2019-08-25,13092,tt0455538,How to Lose Friends & Alienate People,2008,20.0,,false
2019-08-31,12620,tt0852713,The House Bunny,2008,70.0,,false
2019-09-02,397243,tt3289956,The Autopsy of Jane Doe,2016,90.0,,false
2019-09-05,474350,tt7349950,It Chapter Two,2019,80.0,,false
2019-09-10,391710,tt5566790,A Futile and Stupid Gesture,2018,80.0,,false
2019-09-18,396371,tt4209788,Molly's Game,2017,80.0,,false
2019-09-18,447404,tt5884052,Pokémon Detective Pikachu,2019,80.0,,false
2019-09-18,492565,tt4975920,The Kid,2019,60.0,,false
2019-09-18,504172,tt7959026,The Mule,2018,70.0,,false
2019-09-23,480414,tt4913966,The Curse of La Llorona,2019,50.0,,false
2019-09-24,22954,tt1057500,Invictus,2009,60.0,,false
2019-09-24,11381,tt0114694,Tommy Boy,1995,90.0,,false
2019-09-25,433808,tt5638642,The Ritual,2017,70.0,,false
2019-10-01,359246,tt4267026,Hell House LLC,2015,70.0,,false
2019-10-05,313922,tt4062536,Green Room,2016,80.0,,false
2019-10-06,530385,tt8772262,Midsommar,2019,90.0,,false
2019-10-09,549935,tt7350614,Head Count,2019,70.0,,false
2019-10-10,409617,tt4728386,Killing Ground,2017,60.0,,false
2019-10-12,438736,tt6318848,The Heretics,2017,60.0,,false
2019-10-13,523172,tt6107548,Late Night,2019,70.0,,false
2019-10-13,535581,tt8695030,The Dead Don't Die,2019,50.0,,false
2019-10-18,4247,tt0175142,Scary Movie,2000,90.0,,false
2019-10-18,429617,tt6320628,Spider-Man: Far From Home,2019,80.0,,false
2019-10-21,373571,tt3741700,Godzilla: King of the Monsters,2019,70.0,,false
2019-10-21,512199,tt6566768,Native Son,2019,80.0,,false
2019-10-21,513045,tt7734218,Stuber,2019,60.0,,false
2019-10-22,475557,tt7286456,Joker,2019,70.0,,false
2019-10-27,493922,tt7784604,Hereditary,2018,80.0,,false
2019-10-29,503919,tt7984734,The Lighthouse,2019,90.0,,false
2019-11-01,361292,tt1034415,Suspiria,2018,100.0,,false
2019-11-24,330457,tt4520988,Frozen II,2019,60.0,,false
2019-11-28,186759,tt1468846,Get a Job,2016,70.0,,false
2019-12-06,1878,tt0120669,Fear and Loathing in Las Vegas,1998,90.0,,false
2019-12-08,502137,tt7968976,Weed the People,2018,70.0,,false
2019-12-12,9539,tt1029234,Martyrs,2008,90.0,,false
2019-12-13,418078,tt4695012,It Comes at Night,2017,70.0,,false
2019-12-17,10719,tt0319343,Elf,2003,80.0,,false
2019-12-21,530385,tt8772262,Midsommar,2019,100.0,5.0,true
2019-12-22,493922,tt7784604,Hereditary,2018,80.0,4.0,true
2020-01-04,530915,tt8579674,1917,2019,60.0,3.0,false
2020-01-04,23730,tt0087015,C.H.U.D.,1984,60.0,3.0,false
2020-01-04,492188,tt7653254,Marriage Story,2019,80.0,4.0,false
2020-01-04,524348,tt8236336,The Report,2019,80.0,4.0,false
2020-01-05,551332,tt8404614,The Two Popes,2019,60.0,3.0,false
2020-01-12,339148,tt3700804,Already Tomorrow in Hong Kong,2016,60.0,3.0,false
2020-01-12,530385,tt8772262,Midsommar,2019,100.0,5.0,true
2020-01-19,9532,tt0195714,Final Destination,2000,60.0,3.0,false
2020-01-27,463684,tt7043012,Velvet Buzzsaw,2019,70.0,3.5,false
2020-01-28,270303,tt3235888,It Follows,2015,80.0,4.0,false
2020-01-31,493922,tt7784604,Hereditary,2018,90.0,4.5,true
2020-02-01,466565,tt7323600,Hagazussa,2018,50.0,2.5,false
2020-02-02,39538,tt1598778,Contagion,2011,70.0,3.5,false
2020-02-02,513434,tt7914416,One Cut of the Dead,2017,70.0,3.5,false
2020-02-11,23827,tt1179904,Paranormal Activity,2007,60.0,3.0,true
2020-02-16,394537,tt5126922,The Pirates of Somalia,2017,70.0,3.5,false
2020-02-17,454626,tt3794354,Sonic the Hedgehog,2020,60.0,3.0,false
2020-02-17,30497,tt0072271,The Texas Chain Saw Massacre,1974,30.0,1.5,false
2020-03-01,580630,tt9026184,Girl on the Third Floor,2019,50.0,2.5,false
2020-03-29,514847,tt8244784,The Hunt,2020,50.0,2.5,false
2020-03-31,27581,tt1386588,The Other Guys,2010,50.0,2.5,false
2020-04-01,2300,tt0117705,Space Jam,1996,70.0,3.5,true
2020-04-02,7345,tt0469494,There Will Be Blood,2007,70.0,3.5,false
2020-04-02,537347,tt5657280,Viking Destiny,2018,50.0,2.5,false
2020-04-04,37799,tt1285016,The Social Network,2010,80.0,4.0,true
2020-04-14,28,tt0078788,Apocalypse Now,1979,100.0,5.0,true
2020-04-19,78,tt0083658,Blade Runner,1982,70.0,3.5,false
2020-04-19,402897,tt4686844,The Death of Stalin,2017,70.0,3.5,false
2020-04-20,11455,tt0078446,Up in Smoke,1978,60.0,3.0,true
2020-04-24,375366,tt4547056,The Girl with All the Gifts,2016,80.0,4.0,false
2020-04-26,545609,tt8936646,Extraction,2020,80.0,4.0,false
2020-04-28,490,tt0050976,The Seventh Seal,1957,80.0,4.0,false
2020-05-04,11075,tt0235198,Audition,2000,60.0,3.0,false
2020-05-09,548473,tt5073642,Color Out of Space,2020,80.0,4.0,false
2020-05-10,34016,tt0815236,She's Out of My League,2010,70.0,3.5,true
2020-05-10,97370,tt1441395,Under the Skin,2014,60.0,3.0,false
2020-05-13,673175,tt12133722,Have a Good Trip: Adventures in Psychedelics,2020,70.0,3.5,false
2020-05-13,223485,tt3205376,Slow West,2015,60.0,3.0,false
2020-05-14,428449,tt6265828,A Ghost Story,2017,70.0,3.5,false
2020-05-16,592230,tt7394674,Blood Quantum,2019,80.0,4.0,true
2020-05-19,523593,tt4374286,Monstrum,2018,80.0,4.0,false
2020-05-20,537788,tt8745960,Daniel Isn't Real,2019,80.0,4.0,false
2020-05-22,159128,tt2309021,We Are What We Are,2013,60.0,3.0,false
2020-05-23,20246,tt0038991,The Stranger,1946,50.0,2.5,false
2020-05-26,376867,tt4975722,Moonlight,2016,80.0,4.0,false
2020-05-27,29427,tt0455407,The Crazies,2010,50.0,2.5,false
2020-05-28,473033,tt5727208,Uncut Gems,2019,80.0,4.0,false
2020-05-29,473465,tt4619908,Last Ones Out,2016,40.0,2.0,false
2020-06-02,373226,tt3662308,Belzebuth,2019,,,false
2020-06-06,8329,tt1038988,[REC],2007,80.0,4.0,true
2020-06-08,528213,tt6453158,Scotch: A Golden Dream,2018,70.0,3.5,false
2020-06-09,112198,tt2179121,What's in a Name,2012,80.0,4.0,false
2020-06-13,530385,tt8772262,Midsommar,2019,100.0,5.0,true
2020-06-17,1417,tt0457430,Pan's Labyrinth,2006,80.0,4.0,false
2020-06-18,59678,tt1478964,Attack the Block,2011,70.0,3.5,true
2020-06-24,16395,tt0080923,Inferno,1980,60.0,3.0,false
2020-06-25,530254,tt8574252,The Witch: Part 1. The Subversion,2018,70.0,3.5,false
2020-06-30,25983,tt1172994,The House of the Devil,2009,80.0,4.0,false
2020-06-30,633604,tt11054164,Yummy,2019,90.0,4.5,false
2020-07-02,11036,tt0332280,The Notebook,2004,70.0,3.5,false
2020-07-03,586592,tt8816194,Come to Daddy,2019,80.0,4.0,false
2020-07-05,581531,tt10800758,Metamorphosis,2019,80.0,4.0,false
2020-07-06,339547,tt4552524,Jeruzalem,2016,70.0,3.5,false
2020-07-07,391713,tt4925292,Lady Bird,2017,70.0,3.5,true
2020-07-07,539364,tt8510350,Satanic Panic,2019,80.0,4.0,false
2020-07-08,10925,tt0089907,The Return of the Living Dead,1985,80.0,4.0,false
2020-07-09,1596,tt0462482,Population 436,2006,50.0,2.5,false
2020-07-11,31592,tt0023293,The Old Dark House,1932,60.0,3.0,false
2020-07-13,632304,tt10843306,The Beach House,2020,50.0,2.5,false
2020-07-16,813,tt0080339,Airplane!,1980,80.0,4.0,false
2020-07-17,508642,tt8119752,Gonjiam: Haunted Asylum,2018,80.0,4.0,false
2020-07-23,157547,tt2388715,Oculus,2014,90.0,4.5,false
2020-07-24,467012,tt7076834,Satan's Slaves,2017,70.0,3.5,false
2020-07-26,572468,tt9000302,Impetigore,2019,60.0,3.0,false
2020-07-28,470229,tt5774450,Summer of 84,2018,70.0,3.5,false
2020-07-30,457335,tt6902676,Guns Akimbo,2020,70.0,3.5,false
2020-08-07,329,tt0107290,Jurassic Park,1993,90.0,4.5,false
2020-08-12,530385,tt8772262,Midsommar,2019,100.0,5.0,true
2020-08-13,296065,tt2965466,Last Shift,2014,70.0,3.5,false
2020-08-15,361292,tt1034415,Suspiria,2018,100.0,5.0,true
2020-08-16,16307,tt0070917,The Wicker Man,1973,80.0,4.0,false
2020-08-18,50173,tt0154683,Jigoku,1960,70.0,3.5,false
2020-08-24,611605,tt7541106,1BR,2019,70.0,3.5,false
2020-08-29,556574,tt8503618,Hamilton,2025,80.0,4.0,false
2020-08-30,211067,tt2383068,The Sacrament,2014,80.0,4.0,false
2020-08-31,723072,tt12749596,Host,2020,70.0,3.5,false
2020-09-03,622,tt0142688,The Ninth Gate,1999,80.0,4.0,false
2020-09-06,337401,tt4566758,Mulan,2020,60.0,3.0,false
2020-09-09,551994,tt8236366,The Shed,2019,80.0,4.0,false
2020-09-13,68722,tt1560747,The Master,2012,70.0,3.5,false
2020-09-16,546554,tt8946378,Knives Out,2019,80.0,4.0,false
2020-09-17,455839,tt4815122,Time Trap,2017,70.0,3.5,false
2020-09-20,103328,tt2076220,Holy Motors,2012,90.0,4.5,false
2020-09-22,353081,tt4912910,Mission: Impossible - Fallout,2018,80.0,4.0,false
2020-09-27,145221,tt1935302,Monsters: Dark Continent,2014,60.0,3.0,true
2020-10-01,347392,tt4411234,Slice,2018,50.0,2.5,false
2020-10-02,28501,tt0055304,The Pit and the Pendulum,1961,60.0,3.0,false
2020-10-03,22244,tt0098354,Society,1990,70.0,3.5,false
2020-10-04,13885,tt0408236,Sweeney Todd: The Demon Barber of Fleet Street,2007,60.0,3.0,true
2020-10-05,510388,tt6378710,Villains,2019,70.0,3.5,false
2020-10-06,8973,tt0113690,Lord of Illusions,1995,70.0,3.5,false
2020-10-07,567609,tt7798634,Ready or Not,2019,60.0,3.0,false
2020-10-07,538858,tt8239946,Tumbbad,2018,60.0,3.0,false
2020-10-08,43933,tt1470827,Monsters,2010,50.0,2.5,true
2020-10-09,359246,tt4267026,Hell House LLC,2015,70.0,3.5,true
2020-10-09,310131,tt4263482,The Witch,2016,80.0,4.0,true
2020-10-10,157547,tt2388715,Oculus,2014,90.0,4.5,true
2020-10-11,50698,tt1703199,Grave Encounters,2011,40.0,2.0,false
2020-10-12,532973,tt8707374,Hell House LLC II: The Abaddon Hotel,2018,60.0,3.0,false
2020-10-13,16938,tt0071222,Black Christmas,1974,50.0,2.5,false
2020-10-14,74777,tt1610996,Absentia,2011,40.0,2.0,false
2020-10-14,244786,tt2582802,Whiplash,2014,80.0,4.0,false
2020-10-15,284303,tt3086442,Goodnight Mommy,2015,60.0,3.0,false
2020-10-16,38358,tt1320244,The Last Exorcism,2010,70.0,3.5,false
2020-10-17,22970,tt1259521,The Cabin in the Woods,2012,80.0,4.0,true
2020-10-18,4513,tt0389722,30 Days of Night,2007,60.0,3.0,true
2020-10-19,764,tt0083907,The Evil Dead,1981,60.0,3.0,false
2020-10-20,653643,tt10126434,Scare Me,2020,60.0,3.0,false
2020-10-21,2671,tt0178868,Ring,1998,70.0,3.5,false
2020-10-22,20126,tt0073582,Deep Red,1975,60.0,3.0,false
2020-10-23,480157,tt6988208,House of the Witch,2017,60.0,3.0,false
2020-10-23,614199,tt9247314,Spiral,2019,70.0,3.5,false
2020-10-25,692969,tt11284280,Cadaver,2020,40.0,2.0,false
2020-10-26,467239,tt4898730,Temple,2017,70.0,3.5,false
2020-10-27,419479,tt4225622,The Babysitter,2017,70.0,3.5,true
2020-10-28,176,tt0387564,Saw,2004,70.0,3.5,true
2020-10-29,95114,tt0093135,Hack-O-Lantern,1988,40.0,2.0,false
2020-10-30,355193,tt4610748,Devil's Gate,2018,60.0,3.0,false
2020-10-31,10439,tt0107120,Hocus Pocus,1993,60.0,3.0,false
2020-11-03,740985,tt13143964,Borat Subsequent Moviefilm: Delivery of Prodigious Bribe to American Regime for Make Benefit Once Glorious Nation of Kazakhstan,2020,30.0,1.5,false
2020-11-11,177677,tt2381249,Mission: Impossible - Rogue Nation,2015,70.0,3.5,false
2020-11-13,32575,tt0064855,Putney Swope,1969,50.0,2.5,false
2020-11-14,299,tt0054135,Ocean's Eleven,1960,60.0,3.0,false
2020-11-22,60308,tt1210166,Moneyball,2011,80.0,4.0,true
2020-11-22,10196,tt0938283,The Last Airbender,2010,40.0,2.0,true
2020-11-28,627979,tt10033686,Grandmother's Farm,2013,20.0,1.0,false
2020-11-29,8467,tt0109686,Dumb and Dumber,1994,70.0,3.5,true
2020-12-06,520172,tt8522006,Happiest Season,2020,70.0,3.5,false
2020-12-08,9388,tt0427944,Thank You for Smoking,2005,70.0,3.5,true
2020-12-12,146198,tt1712261,Triple 9,2016,70.0,3.5,false
2020-12-15,9886,tt0113481,Johnny Mnemonic,1995,60.0,3.0,false
2020-12-19,241258,tt3216348,Incarnate,2016,40.0,2.0,false
2020-12-24,316029,tt1485796,The Greatest Showman,2017,50.0,2.5,false
2020-12-26,4141,tt0465602,Shoot 'Em Up,2007,70.0,3.5,false
2020-12-30,300668,tt2798920,Annihilation,2018,70.0,3.5,true
2020-12-30,610201,tt9178402,The Pale Door,2020,60.0,3.0,false
2021-01-02,331482,tt3281548,Little Women,2019,80.0,4.0,false
2021-01-03,215,tt0432348,Saw II,2005,60.0,3.0,true
2021-01-05,688848,tt12027020,LA Originals,2020,70.0,3.5,false
2021-01-05,29437,tt0076590,Rabid,1977,60.0,3.0,false
2021-01-08,500682,tt1860242,The Highwaymen,2019,60.0,3.0,false
2021-01-08,17835,tt0090163,Threads,1985,50.0,2.5,false
2021-01-11,297608,tt3387648,The Taking of Deborah Logan,2014,50.0,2.5,true
2021-01-13,26405,tt0067541,Wake in Fright,1971,70.0,3.5,false
2021-01-14,295964,tt2503944,Burnt,2015,80.0,4.0,true
2021-01-15,293670,tt5215952,The Wailing,2016,70.0,3.5,false
2021-01-16,212778,tt2883512,Chef,2014,70.0,3.5,true
2021-01-19,49797,tt1588170,I Saw the Devil,2010,70.0,3.5,false
2021-01-21,424121,tt6217306,Apostle,2018,80.0,4.0,false
2021-01-28,559969,tt9243946,El Camino: A Breaking Bad Movie,2019,70.0,3.5,false
2021-01-29,11001,tt0181316,Blue Streak,1999,50.0,2.5,true
2021-01-29,19898,tt1188729,Pandorum,2009,60.0,3.0,false
2021-01-30,548473,tt5073642,Color Out of Space,2020,80.0,4.0,true
2021-02-06,734353,tt12137964,Anything for Jackson,2020,90.0,4.5,false
2021-02-09,14342,tt0119053,Almost Heroes,1998,70.0,3.5,true
2021-02-12,256274,tt2870612,"As Above, So Below",2014,70.0,3.5,true
2021-02-14,513576,tt7374948,Always Be My Maybe,2019,60.0,3.0,false
2021-02-14,11652,tt0445990,Invincible,2006,60.0,3.0,true
2021-02-19,460885,tt6998518,Mandy,2018,90.0,4.5,true
2021-02-27,587792,tt9484998,Palm Springs,2020,70.0,3.5,false
2021-02-27,1124,tt0482571,The Prestige,2006,90.0,4.5,true
2021-03-03,194662,tt2562232,Birdman or (The Unexpected Virtue of Ignorance),2014,90.0,4.5,true
2021-03-03,575776,tt7557108,Saint Maud,2020,80.0,4.0,false
2021-03-12,18501,tt1034032,Gamer,2009,50.0,2.5,true
2021-03-17,614696,tt10620868,#Alive,2020,60.0,3.0,false
2021-03-25,458969,tt6556576,Monster Party,2018,70.0,3.5,false
2021-04-02,429733,tt4348012,Mayhem,2017,60.0,3.0,false
2021-04-03,80274,tt1731141,Ender's Game,2013,60.0,3.0,true
2021-04-08,306947,tt2400463,The Invitation,2016,80.0,4.0,false
2021-04-10,314365,tt1895587,Spotlight,2015,80.0,4.0,false
2021-04-12,362826,tt5085924,Wildling,2018,50.0,2.5,false
2021-04-15,573680,tt7329642,The Banishing,2021,70.0,3.5,false
2021-04-16,72331,tt1611224,Abraham Lincoln: Vampire Hunter,2012,60.0,3.0,true
2021-04-16,681326,tt11813822,It Cuts Deep,2020,40.0,2.0,false
2021-04-20,11072,tt0071230,Blazing Saddles,1974,60.0,3.0,false
2021-04-25,399566,tt5034838,Godzilla vs. Kong,2021,70.0,3.5,false
2021-04-27,96721,tt1979320,Rush,2013,70.0,3.5,false
2021-05-04,299245,tt2309260,The Gallows,2015,50.0,2.5,true
2021-05-06,361292,tt1034415,Suspiria,2018,100.0,5.0,true
2021-05-10,553141,tt6469548,The Head Hunter,2019,20.0,1.0,false
2021-05-16,2300,tt0117705,Space Jam,1996,70.0,3.5,true
2021-05-26,580175,tt10288566,Another Round,2020,80.0,4.0,false
2021-05-28,9571,tt0106677,Dazed and Confused,1993,90.0,4.5,true
2021-06-02,60540,tt1606339,Sushi Girl,2012,80.0,4.0,false
2021-06-10,244786,tt2582802,Whiplash,2014,90.0,4.5,true
2021-06-11,467909,tt1321510,In the Heights,2021,60.0,3.0,false
2021-06-15,273481,tt3397884,Sicario,2015,80.0,4.0,false
2021-06-15,133369,tt2330322,The Conspiracy,2012,60.0,3.0,false
2021-06-20,522931,tt8385148,Hitman's Wife's Bodyguard,2021,50.0,2.5,false
2021-06-27,400535,tt5052474,Sicario: Day of the Soldado,2018,50.0,2.5,false
2021-06-28,567189,tt0499097,Tom Clancy's Without Remorse,2021,50.0,2.5,false
2021-06-30,549294,tt9016974,Synchronic,2020,60.0,3.0,false
2021-07-01,10234,tt0119167,Funny Games,1997,80.0,4.0,false
2021-07-02,4964,tt0478311,Knocked Up,2007,70.0,3.5,true
2021-07-02,350,tt0458352,The Devil Wears Prada,2006,80.0,4.0,false
2021-07-06,1091,tt0084787,The Thing,1982,80.0,4.0,false
2021-07-20,516632,tt5867314,The Empty Man,2020,80.0,4.0,false
2021-07-21,664297,tt11614912,She Dies Tomorrow,2020,50.0,2.5,false
2021-07-30,503736,tt0993840,Army of the Dead,2021,40.0,2.0,false
2021-07-30,575774,tt8508734,His House,2020,70.0,3.5,false
2021-08-01,497698,tt3480822,Black Widow,2021,70.0,3.5,false
2021-08-05,433808,tt5638642,The Ritual,2017,50.0,2.5,true
2021-08-06,424277,tt6217926,Annette,2021,70.0,3.5,false
2021-08-07,64689,tt1764234,Killing Them Softly,2012,60.0,3.0,true
2021-08-11,429742,tt6087426,Still/Born,2018,50.0,2.5,false
2021-08-15,476299,tt6195094,Ghostland,2018,70.0,3.5,false
2021-08-19,509967,tt8106534,6 Underground,2019,80.0,4.0,true
2021-08-20,694,tt0081505,The Shining,1980,80.0,4.0,false
2021-08-21,449406,tt6338498,Vivo,2021,60.0,3.0,false
2021-08-24,397514,tt2923088,The Windmill Massacre,2016,70.0,3.5,false
2021-08-29,752505,tt12829958,The Old Ways,2021,70.0,3.5,false
2021-09-02,438145,tt3208026,Black '47,2018,70.0,3.5,false
2021-09-02,399361,tt1488606,Triple Frontier,2019,70.0,3.5,true
2021-09-07,228967,tt2788710,The Interview,2014,80.0,4.0,true
2021-09-08,393519,tt4954522,Raw,2017,100.0,5.0,false
2021-09-10,27205,tt1375666,Inception,2010,90.0,4.5,true
2021-09-10,9718,tt0415306,Talladega Nights: The Ballad of Ricky Bobby,2006,70.0,3.5,true
2021-09-15,591,tt0382625,The Da Vinci Code,2006,70.0,3.5,true
2021-09-17,13448,tt0808151,Angels & Demons,2009,70.0,3.5,false
2021-09-17,618219,tt9252468,Mosul,2019,60.0,3.0,false
2021-09-18,49018,tt1591095,Insidious,2011,50.0,2.5,false
2021-09-24,630004,tt9742794,The Vault,2021,70.0,3.5,false
2021-09-29,59961,tt1599348,Safe House,2012,60.0,3.0,false
2021-10-01,393519,tt4954522,Raw,2017,100.0,5.0,true
2021-10-02,334394,tt4935418,Baskin,2015,60.0,3.0,false
2021-10-02,138843,tt1457767,The Conjuring,2013,50.0,2.5,true
2021-10-03,9003,tt0093177,Hellraiser,1987,70.0,3.5,false
2021-10-04,376570,tt5022702,Hush,2016,60.0,3.0,true
2021-10-05,8329,tt1038988,[REC],2007,70.0,3.5,true
2021-10-06,16871,tt1127180,Drag Me to Hell,2009,60.0,3.0,false
2021-10-06,370172,tt2382320,No Time to Die,2021,70.0,3.5,false
2021-10-07,23202,tt0862856,Trick 'r Treat,2007,60.0,3.0,false
2021-10-08,539364,tt8510350,Satanic Panic,2019,80.0,4.0,true
2021-10-09,723072,tt12749596,Host,2020,80.0,4.0,true
2021-10-10,371560,tt5225338,The Eyes of My Mother,2016,80.0,4.0,true
2021-10-11,508642,tt8119752,Gonjiam: Haunted Asylum,2018,70.0,3.5,true
2021-10-12,259693,tt3065204,The Conjuring 2,2016,70.0,3.5,false
2021-10-12,38410,tt1010271,The Poughkeepsie Tapes,2007,70.0,3.5,true
2021-10-13,293670,tt5215952,The Wailing,2016,70.0,3.5,true
2021-10-14,397243,tt3289956,The Autopsy of Jane Doe,2016,80.0,4.0,true
2021-10-15,6435,tt0120791,Practical Magic,1998,70.0,3.5,false
2021-10-16,252171,tt2326554,A Girl Walks Home Alone at Night,2014,60.0,3.0,false
2021-10-17,443791,tt5774060,Underwater,2020,80.0,4.0,false
2021-10-18,8413,tt0119081,Event Horizon,1997,70.0,3.5,false
2021-10-19,419430,tt5052448,Get Out,2017,80.0,4.0,true
2021-10-20,210908,tt2527186,All Cheerleaders Die,2013,100.0,5.0,false
2021-10-21,9392,tt0435625,The Descent,2005,70.0,3.5,true
2021-10-22,614696,tt10620868,#Alive,2020,70.0,3.5,true
2021-10-23,4257,tt0362120,Scary Movie 4,2006,60.0,3.0,true
2021-10-24,349067,tt4823434,Tigers Are Not Afraid,2017,60.0,3.0,false
2021-10-25,106845,tt1612319,Re-Kill,2015,70.0,3.5,true
2021-10-26,136,tt0022913,Freaks,1932,70.0,3.5,false
2021-10-27,27850,tt0173886,Halloweentown,1998,50.0,2.5,false
2021-10-28,493922,tt7784604,Hereditary,2018,70.0,3.5,true
2021-10-29,11906,tt0076786,Suspiria,1977,80.0,4.0,true
2021-10-30,458723,tt6857112,Us,2019,90.0,4.5,true
2021-10-31,361292,tt1034415,Suspiria,2018,100.0,5.0,true
2021-11-04,395834,tt5362988,Wind River,2017,90.0,4.5,false
2021-11-05,504949,tt7984766,The King,2019,80.0,4.0,true
2021-11-07,77016,tt1855199,End of Watch,2012,80.0,4.0,true
2021-11-13,539892,tt8781414,Freaks,2019,80.0,4.0,false
2021-11-20,523638,tt6372694,Prisoners of the Ghostland,2021,40.0,2.0,false
2021-11-25,671,tt0241527,Harry Potter and the Philosopher's Stone,2001,70.0,3.5,true
2021-12-03,550988,tt6264654,Free Guy,2021,80.0,4.0,false
2021-12-10,635731,tt11003218,Pig,2021,80.0,4.0,false
2021-12-10,632357,tt9419056,The Unholy,2021,60.0,3.0,false
2021-12-13,516632,tt5867314,The Empty Man,2020,80.0,4.0,true
2021-12-14,644495,tt11214590,House of Gucci,2021,70.0,3.5,false
2021-12-15,409297,tt4805316,A Dark Song,2016,70.0,3.5,false
2021-12-18,270487,tt0475290,"Hail, Caesar!",2016,70.0,3.5,true
2021-12-20,795615,tt10738906,The Feast,2021,80.0,4.0,false
2021-12-25,671,tt0241527,Harry Potter and the Philosopher's Stone,2001,70.0,3.5,true
2021-12-25,634649,tt10872600,Spider-Man: No Way Home,2021,80.0,4.0,false
2021-12-25,603,tt0133093,The Matrix,1999,80.0,4.0,true
2021-12-27,672,tt0295297,Harry Potter and the Chamber of Secrets,2002,70.0,3.5,true
2021-12-27,673,tt0304141,Harry Potter and the Prisoner of Azkaban,2004,70.0,3.5,true
2021-12-29,674,tt0330373,Harry Potter and the Goblet of Fire,2005,70.0,3.5,true
2021-12-30,675,tt0373889,Harry Potter and the Order of the Phoenix,2007,70.0,3.5,true
2021-12-31,12444,tt0926084,Harry Potter and the Deathly Hallows: Part 1,2010,70.0,3.5,true
2021-12-31,12445,tt1201607,Harry Potter and the Deathly Hallows: Part 2,2011,70.0,3.5,true
2021-12-31,767,tt0417741,Harry Potter and the Half-Blood Prince,2009,80.0,4.0,true
2022-01-10,574284,tt7831358,Harpoon,2019,60.0,3.0,false
2022-01-11,849369,tt13309978,Superhost,2021,70.0,3.5,false
2022-01-12,588,tt0384537,Silent Hill,2006,60.0,3.0,false
2022-01-13,301804,tt3174376,Before I Wake,2016,60.0,3.0,false
2022-01-14,724130,tt4943820,Once is Enough,2020,60.0,3.0,false
2022-01-14,463088,tt7455754,The Game Changers,2019,80.0,4.0,false
2022-01-15,27374,tt0816556,Lake Mungo,2009,50.0,2.5,false
2022-01-15,157547,tt2388715,Oculus,2014,90.0,4.5,true
2022-01-17,516329,tt7740510,Antlers,2021,70.0,3.5,false
2022-02-02,630240,tt10944760,Titane,2021,90.0,4.5,false
2022-02-06,42188,tt1334260,Never Let Me Go,2010,60.0,3.0,false
2022-02-14,459992,tt2139881,Long Shot,2019,70.0,3.5,false
2022-02-19,680593,tt10229558,The Dark and the Wicked,2020,60.0,3.0,false
2022-02-23,2082,tt0373883,Halloween,2007,90.0,4.5,false
2022-03-04,583,tt0079470,Life of Brian,1979,100.0,5.0,true
2022-03-05,9426,tt0091064,The Fly,1986,90.0,4.5,false
2022-03-08,414906,tt1877830,The Batman,2022,70.0,3.5,false
2022-03-14,9552,tt0070047,The Exorcist,1973,90.0,4.5,false
2022-03-16,458305,tt8368406,Vivarium,2019,60.0,3.0,false
2022-03-21,273481,tt3397884,Sicario,2015,90.0,4.5,true
2022-03-30,377,tt0087800,A Nightmare on Elm Street,1984,80.0,4.0,false
2022-04-08,547565,tt9731534,The Night House,2021,80.0,4.0,false
2022-04-09,890825,tt14079374,14 Peaks: Nothing Is Impossible,2021,70.0,3.5,false
2022-04-10,760868,tt6708668,Black Crab,2022,70.0,3.5,false
2022-04-11,550,tt0137523,Fight Club,1999,80.0,4.0,true
2022-04-13,740925,tt13056008,No One Gets Out Alive,2021,60.0,3.0,false
2022-04-16,696806,tt2463208,The Adam Project,2022,80.0,4.0,false
2022-04-19,591274,tt9701940,Fear Street: 1978,2021,80.0,4.0,false
2022-04-19,591273,tt6566576,Fear Street: 1994,2021,70.0,3.5,false
2022-04-20,10189,tt0910936,Pineapple Express,2008,80.0,4.0,false
2022-04-23,273481,tt3397884,Sicario,2015,90.0,4.5,true
2022-04-26,205596,tt2084970,The Imitation Game,2014,70.0,3.5,true
2022-05-08,453395,tt9419884,Doctor Strange in the Multiverse of Madness,2022,70.0,3.5,false
2022-05-17,565028,tt9347730,Candyman,2021,80.0,4.0,false
2022-05-18,122906,tt2194499,About Time,2013,80.0,4.0,false
2022-05-20,639933,tt11138512,The Northman,2022,60.0,3.0,false
2022-05-21,449443,tt1259528,Den of Thieves,2018,80.0,4.0,false
2022-05-29,744,tt0092099,Top Gun,1986,60.0,3.0,false
2022-06-01,348,tt0078748,Alien,1979,50.0,2.5,false
2022-06-02,1081694,tt13358022,The Reading,2023,50.0,2.5,false
2022-06-06,538207,tt7903530,We Die Young,2019,80.0,4.0,false
2022-06-07,361743,tt1745960,Top Gun: Maverick,2022,90.0,4.5,false
2022-06-17,705861,tt8009428,Hustle,2022,90.0,4.5,false
2022-06-18,13207,tt0758746,Friday the 13th,2009,50.0,2.5,false
2022-06-25,244786,tt2582802,Whiplash,2014,90.0,4.5,true
2022-06-30,291356,tt3608930,In a Valley of Violence,2016,70.0,3.5,false
2022-07-01,576845,tt9639470,Last Night in Soho,2021,80.0,4.0,false
2022-07-02,531428,tt8613070,Portrait of a Lady on Fire,2019,80.0,4.0,false
2022-07-07,1709801,tt10580064,Most Dangerous Game,2022,70.0,3.5,false
2022-07-07,97630,tt1790885,Zero Dark Thirty,2012,80.0,4.0,false
2022-07-10,954,tt0117060,Mission: Impossible,1996,80.0,4.0,false
2022-07-11,2654,tt0113409,In the Mouth of Madness,1995,60.0,3.0,false
2022-07-14,955,tt0120755,Mission: Impossible II,2000,40.0,2.0,false
2022-07-16,642732,tt14512538,Roadrunner: A Film About Anthony Bourdain,2021,50.0,2.5,false
2022-07-21,762504,tt10954984,Nope,2022,80.0,4.0,false
2022-07-23,725201,tt1649418,The Gray Man,2022,70.0,3.5,false
2022-07-26,1771,tt0458339,Captain America: The First Avenger,2011,70.0,3.5,true
2022-07-27,616037,tt10648342,Thor: Love and Thunder,2022,70.0,3.5,false
2022-08-11,2832,tt0309698,Identity,2003,60.0,3.0,false
2022-08-15,693906,tt11994750,Made You Look: A True Story About Fake Art,2020,70.0,3.5,false
2022-08-18,429351,tt1413492,12 Strong,2018,60.0,3.0,false
2022-08-25,619264,tt8228288,The Platform,2019,80.0,4.0,false
2022-09-04,120,tt0120737,The Lord of the Rings: The Fellowship of the Ring,2001,80.0,4.0,true
2022-09-18,428948,tt3839880,Infinity Chamber,2016,50.0,2.5,false
2022-09-30,956,tt0317919,Mission: Impossible III,2006,70.0,3.5,false
2022-10-01,82507,tt1922777,Sinister,2012,80.0,4.0,true
2022-10-02,2291,tt0099871,Jacob's Ladder,1990,70.0,3.5,false
2022-10-02,756999,tt7144666,The Black Phone,2022,70.0,3.5,false
2022-10-03,858096,tt10756184,Saloum,2023,80.0,4.0,false
2022-10-04,755566,tt13314558,Day Shift,2022,80.0,4.0,false
2022-10-05,376570,tt5022702,Hush,2016,80.0,4.0,true
2022-10-08,170,tt0289043,28 Days Later,2002,70.0,3.5,false
2022-10-08,22970,tt1259521,The Cabin in the Woods,2012,80.0,4.0,true
2022-10-11,795615,tt10738906,The Feast,2021,90.0,4.5,true
2022-10-12,925705,tt10509906,The Long Night,2022,60.0,3.0,false
2022-10-13,948,tt0077651,Halloween,1978,70.0,3.5,false
2022-10-16,587496,tt10003008,The Rental,2020,60.0,3.0,false
2022-10-17,433808,tt5638642,The Ritual,2017,50.0,2.5,true
2022-10-18,57230,tt0062453,Viy,1967,70.0,3.5,false
2022-10-19,760875,tt7646322,The Devil Below,2021,60.0,3.0,false
2022-10-20,377,tt0087800,A Nightmare on Elm Street,1984,80.0,4.0,true
2022-10-21,9637,tt0267913,Scooby-Doo,2002,80.0,4.0,true
2022-10-25,913290,tt15791034,Barbarian,2022,90.0,4.5,false
2022-10-29,441701,tt5862312,Veronica,2017,70.0,3.5,false
2022-10-30,158015,tt2184339,The Purge,2013,70.0,3.5,true
2022-10-31,393519,tt4954522,Raw,2017,100.0,5.0,true
2022-10-31,9552,tt0070047,The Exorcist,1973,90.0,4.5,true
2022-11-25,579974,tt8178634,RRR,2022,90.0,4.5,false
2022-12-10,332562,tt1517451,A Star Is Born,2018,80.0,4.0,true
2022-12-16,718930,tt12593682,Bullet Train,2022,80.0,4.0,false
2022-12-20,76600,tt1630029,Avatar: The Way of Water,2022,90.0,4.5,false
2022-12-22,799375,tt21819228,Stutz,2022,80.0,4.0,false
2022-12-25,76600,tt1630029,Avatar: The Way of Water,2022,90.0,4.5,true
2022-12-25,632856,tt10999120,Spirited,2022,50.0,2.5,false
2023-01-01,118340,tt2015381,Guardians of the Galaxy,2014,80.0,4.0,true
2023-01-01,9016,tt0133240,Treasure Planet,2002,80.0,4.0,false
2023-01-04,245891,tt2911666,John Wick,2014,80.0,4.0,false
2023-01-04,324552,tt4425200,John Wick: Chapter 2,2017,70.0,3.5,false
2023-01-12,800815,tt14138650,The Pale Blue Eye,2022,80.0,4.0,false
2023-01-14,19,tt0017136,Metropolis,1927,80.0,4.0,false
2023-01-20,273481,tt3397884,Sicario,2015,90.0,4.5,true
2023-01-31,795615,tt10738906,The Feast,2021,90.0,4.5,true
2023-02-09,760104,tt13560574,X,2022,90.0,4.5,false
2023-02-10,36557,tt0381061,Casino Royale,2006,80.0,4.0,false
2023-02-13,438631,tt1160419,Dune,2021,80.0,4.0,false
2023-02-21,10764,tt0830515,Quantum of Solace,2008,70.0,3.5,false
2023-02-25,37724,tt1074638,Skyfall,2012,70.0,3.5,false
2023-03-04,520023,tt8110652,Bodies Bodies Bodies,2022,60.0,3.0,false
2023-03-08,136400,tt1272878,2 Guns,2013,60.0,3.0,false
2023-03-14,370172,tt2382320,No Time to Die,2021,60.0,3.0,true
2023-03-22,866413,tt14826022,You People,2023,70.0,3.5,false
2023-03-23,244772,tt1571249,The Skeleton Twins,2014,80.0,4.0,false
2023-03-24,209403,tt2170299,Bad Words,2013,70.0,3.5,false
2023-04-01,2787,tt0134847,Pitch Black,2000,60.0,3.0,false
2023-04-02,674324,tt11813216,The Banshees of Inisherin,2022,80.0,4.0,false
2023-04-04,312221,tt3076658,Creed,2015,70.0,3.5,false
2023-04-09,493529,tt2906216,Dungeons & Dragons: Honor Among Thieves,2023,80.0,4.0,false
2023-04-11,667216,tt10365998,Infinity Pool,2023,80.0,4.0,false
2023-04-12,934433,tt17663992,Scream VI,2023,90.0,4.5,false
2023-04-20,4935,tt0347149,Howl's Moving Castle,2004,100.0,5.0,false
2023-04-21,798286,tt13521006,Beau Is Afraid,2023,60.0,3.0,false
2023-04-22,10515,tt0092067,Castle in the Sky,1986,80.0,4.0,false
2023-04-23,935,tt0057012,Dr. Strangelove or: How I Learned to Stop Worrying and Love the Bomb,1964,80.0,4.0,false
2023-04-23,948713,tt15767808,The Last Kingdom: Seven Kings Must Die,2023,70.0,3.5,false
2023-04-26,493529,tt2906216,Dungeons & Dragons: Honor Among Thieves,2023,80.0,4.0,true
2023-05-04,129,tt0245429,Spirited Away,2001,70.0,3.5,false
2023-05-14,964980,tt16419074,Air,2023,70.0,3.5,false
2023-05-16,273481,tt3397884,Sicario,2015,90.0,4.5,true
2023-05-31,149,tt0094625,Akira,1988,80.0,4.0,false
2023-06-13,447365,tt6791350,Guardians of the Galaxy Vol. 3,2023,80.0,4.0,false
2023-06-15,14630,tt0082956,Puberty Blues,1981,60.0,3.0,false
2023-06-21,37165,tt0120382,The Truman Show,1998,80.0,4.0,true
2023-06-27,949423,tt18925334,Pearl,2022,90.0,4.5,false
2023-07-06,56292,tt1229238,Mission: Impossible - Ghost Protocol,2011,70.0,3.5,true
2023-07-08,177677,tt2381249,Mission: Impossible - Rogue Nation,2015,80.0,4.0,true
2023-07-09,353081,tt4912910,Mission: Impossible - Fallout,2018,80.0,4.0,true
2023-07-09,71883,tt1483797,Redline,2009,90.0,4.5,false
2023-07-12,575264,tt9603212,Mission: Impossible - Dead Reckoning Part One,2023,80.0,4.0,false
2023-07-21,346698,tt1517268,Barbie,2023,90.0,4.5,false
2023-07-21,872585,tt15398776,Oppenheimer,2023,90.0,4.5,false
2023-07-23,13997,tt0115697,Black Sheep,1996,80.0,4.0,true
2023-07-27,872585,tt15398776,Oppenheimer,2023,90.0,4.5,true
2023-07-31,290250,tt3799694,The Nice Guys,2016,90.0,4.5,false
2023-08-01,378018,tt4255304,The Void,2016,80.0,4.0,false
2023-08-06,653575,tt11394188,Spaceship Earth,2020,60.0,3.0,false
2023-08-13,813,tt0080339,Airplane!,1980,80.0,4.0,true
2023-08-19,930094,tt10172266,"Red, White & Royal Blue",2023,60.0,3.0,false
2023-08-27,391713,tt4925292,Lady Bird,2017,90.0,4.5,true
2023-08-31,1128720,tt27837467,Unknown: Cave of Bones,2023,60.0,3.0,false
2023-09-07,10494,tt0156887,Perfect Blue,1998,80.0,4.0,false
2023-09-09,4977,tt0851578,Paprika,2006,100.0,5.0,false
2023-09-11,1005031,tt21929356,A Trip to Infinity,2022,70.0,3.5,false
2023-09-17,1169207,tt28656365,Kelce,2023,80.0,4.0,false
2023-09-18,256274,tt2870612,"As Above, So Below",2014,70.0,3.5,true
2023-09-21,593643,tt9764362,The Menu,2022,70.0,3.5,false
2023-09-25,445571,tt2704998,Game Night,2018,60.0,3.0,false
2023-10-02,565770,tt9362930,Blue Beetle,2023,50.0,2.5,false
2023-10-03,958196,tt14781036,Inside,2023,70.0,3.5,false
2023-10-04,44048,tt0477080,Unstoppable,2010,60.0,3.0,false
2023-10-10,804150,tt14209916,Cocaine Bear,2023,80.0,4.0,false
2023-10-10,800279,tt13849558,Corner Office,2023,60.0,3.0,false
2023-10-10,290250,tt3799694,The Nice Guys,2016,90.0,4.5,true
2023-10-13,4488,tt0080761,Friday the 13th,1980,60.0,3.0,false
2023-10-14,76341,tt1392190,Mad Max: Fury Road,2015,100.0,5.0,true
2023-10-22,290250,tt3799694,The Nice Guys,2016,100.0,5.0,true
2023-11-04,948,tt0077651,Halloween,1978,70.0,3.5,true
2023-11-12,496743,tt7589524,Aniara,2019,80.0,4.0,false
2023-11-16,800158,tt1136617,The Killer,2023,70.0,3.5,false
2023-11-20,609972,tt10515988,Paranormal Activity: Next of Kin,2021,70.0,3.5,false
2023-11-25,593643,tt9764362,The Menu,2022,80.0,4.0,true
2023-11-26,1535,tt0266987,Spy Game,2001,70.0,3.5,false
2023-12-13,508883,tt6587046,The Boy and the Heron,2023,70.0,3.5,false
2023-12-15,16859,tt0097814,Kiki's Delivery Service,1989,80.0,4.0,false
2023-12-18,949,tt0113277,Heat,1995,80.0,4.0,false
2023-12-21,228150,tt2713180,Fury,2014,80.0,4.0,true
2023-12-22,346698,tt1517268,Barbie,2023,90.0,4.5,true
2023-12-25,572802,tt9663764,Aquaman and the Lost Kingdom,2023,40.0,2.0,false
2023-12-26,930564,tt17351924,Saltburn,2023,90.0,4.5,false
2024-01-01,523607,tt5535276,Maestro,2023,100.0,5.0,false
2024-01-14,872585,tt15398776,Oppenheimer,2023,90.0,4.5,true
2024-01-20,792307,tt14230458,Poor Things,2023,90.0,4.5,false
2024-01-27,661374,tt11564570,Glass Onion: A Knives Out Mystery,2022,80.0,4.0,false
2024-01-27,546554,tt8946378,Knives Out,2019,80.0,4.0,true
2024-01-28,402897,tt4686844,The Death of Stalin,2017,80.0,4.0,true
2024-02-10,744857,tt16300962,When Evil Lurks,2023,90.0,4.5,false
2024-02-24,438631,tt1160419,Dune,2021,90.0,4.5,true
2024-03-01,693134,tt15239678,Dune: Part Two,2024,100.0,5.0,false
2024-03-08,82695,tt1707386,Les Misérables,2012,60.0,3.0,false
2024-03-09,693134,tt15239678,Dune: Part Two,2024,90.0,4.5,true
2024-03-18,693134,tt15239678,Dune: Part Two,2024,100.0,5.0,true
2024-03-18,361292,tt1034415,Suspiria,2018,100.0,5.0,true
2024-03-23,290250,tt3799694,The Nice Guys,2016,100.0,5.0,true
2024-03-31,356191,tt4935158,Demon,2015,70.0,3.5,false
2024-04-07,7553,tt0348333,Waiting...,2005,90.0,4.5,true
2024-04-12,929590,tt17279496,Civil War,2024,90.0,4.5,false
2024-05-01,565743,tt6803046,The Vast of Night,2019,80.0,4.0,false
2024-05-07,61791,tt1318514,Rise of the Planet of the Apes,2011,70.0,3.5,true
2024-05-11,119450,tt2103281,Dawn of the Planet of the Apes,2014,70.0,3.5,false
2024-05-11,281338,tt3450958,War for the Planet of the Apes,2017,70.0,3.5,false
2024-05-12,653346,tt11389872,Kingdom of the Planet of the Apes,2024,70.0,3.5,false
2024-05-16,458723,tt6857112,Us,2019,90.0,4.5,true
2024-05-23,786892,tt12037194,Furiosa: A Mad Max Saga,2024,90.0,4.5,false
2024-05-26,273481,tt3397884,Sicario,2015,90.0,4.5,true
2024-06-02,663866,tt10329614,Censor,2021,80.0,4.0,false
2024-06-06,252178,tt2614684,'71,2014,80.0,4.0,false
2024-06-09,949423,tt18925334,Pearl,2022,90.0,4.5,true
2024-06-10,760104,tt13560574,X,2022,90.0,4.5,true
2024-06-11,780609,tt13841850,Men,2022,70.0,3.5,false
2024-06-15,10665,tt0482606,The Strangers,2008,70.0,3.5,false
2024-06-16,940721,tt23289160,Godzilla Minus One,2023,80.0,4.0,false
2024-06-20,530385,tt8772262,Midsommar,2019,100.0,5.0,true
2024-06-27,150540,tt2096673,Inside Out,2015,80.0,4.0,true
2024-06-27,1022789,tt22022452,Inside Out 2,2024,70.0,3.5,false
2024-07-03,882598,tt15474916,Smile,2022,60.0,3.0,false
2024-07-06,1023922,tt22048412,MaXXXine,2024,80.0,4.0,false
2024-07-08,1830,tt0399295,Lord of War,2005,80.0,4.0,true
2024-07-14,938614,tt14966898,Late Night with the Devil,2024,80.0,4.0,false
2024-07-18,560016,tt9214772,Monkey Man,2024,80.0,4.0,false
2024-07-21,1226578,tt23468450,Longlegs,2024,80.0,4.0,false
2024-07-30,884184,tt14993352,Consecration,2023,50.0,2.5,false
2024-08-02,294963,tt2494362,Bone Tomahawk,2015,80.0,4.0,true
2024-08-04,8619,tt0311113,Master and Commander: The Far Side of the World,2003,90.0,4.5,false
2024-08-06,585759,tt6445414,The Coldest Game,2019,70.0,3.5,false
2024-08-07,157849,tt1972571,A Most Wanted Man,2014,80.0,4.0,false
2024-08-09,969492,tt19864802,Land of Bad,2024,70.0,3.5,false
2024-08-10,719221,tt14088510,Tarot,2024,50.0,2.5,false
2024-08-11,3131,tt0217505,Gangs of New York,2002,90.0,4.5,true
2024-08-11,11474,tt0080120,The Warriors,1979,80.0,4.0,false
2024-08-14,489430,tt7549892,Terrified,2018,80.0,4.0,true
2024-08-16,97630,tt1790885,Zero Dark Thirty,2012,90.0,4.5,true
2024-08-18,1041613,tt23137390,Immaculate,2024,60.0,3.0,false
2024-08-23,12113,tt0758774,Body of Lies,2008,80.0,4.0,false
2024-08-25,75780,tt0790724,Jack Reacher,2012,80.0,4.0,false
2024-08-27,974635,tt20215968,Hit Man,2024,80.0,4.0,false
2024-08-28,545611,tt6710474,Everything Everywhere All at Once,2022,100.0,5.0,false
2024-08-29,399170,tt5439796,Logan Lucky,2017,80.0,4.0,false
2024-08-30,545609,tt8936646,Extraction,2020,80.0,4.0,true
2024-08-31,577922,tt6723592,Tenet,2020,80.0,4.0,false
2024-09-01,697843,tt12263384,Extraction 2,2023,60.0,3.0,false
2024-09-02,474051,tt6218358,Calibre,2018,60.0,3.0,false
2024-09-09,365620,tt3758542,Ferrari,2023,70.0,3.5,false
2024-09-11,19994,tt1131734,Jennifer's Body,2009,80.0,4.0,true
2024-09-21,420634,tt4281724,Terrifier,2018,60.0,3.0,false
2024-09-22,176,tt0387564,Saw,2004,70.0,3.5,true
2024-09-23,215,tt0432348,Saw II,2005,60.0,3.0,true
2024-09-25,214,tt0489270,Saw III,2006,70.0,3.5,true
2024-09-30,419479,tt4225622,The Babysitter,2017,80.0,4.0,true
2024-09-30,623491,tt11024272,The Babysitter: Killer Queen,2020,80.0,4.0,false
2024-10-01,48572,tt0873886,Red State,2011,70.0,3.5,false
2024-10-02,592831,tt10128846,Megalopolis,2024,60.0,3.0,false
2024-10-03,293970,tt2118624,The Final Girls,2015,80.0,4.0,true
2024-10-05,277,tt0320691,Underworld,2003,70.0,3.5,false
2024-10-06,622,tt0142688,The Ninth Gate,1999,80.0,4.0,true
2024-10-07,653,tt0013442,Nosferatu,1922,80.0,4.0,false
2024-10-08,745881,tt13446168,The Medium,2021,80.0,4.0,false
2024-10-10,1024721,tt18298588,Monolith,2023,60.0,3.0,false
2024-10-14,15373,tt0430922,Role Models,2008,70.0,3.5,true
2024-10-18,718930,tt12593682,Bullet Train,2022,80.0,4.0,true
2024-10-28,753342,tt13287846,Napoleon,2023,60.0,3.0,false
2024-10-31,9100,tt0115963,The Craft,1996,70.0,3.5,false
2024-10-31,1091,tt0084787,The Thing,1982,100.0,5.0,true
2024-11-01,636706,tt11097384,Spaceman,2024,80.0,4.0,false
2024-11-06,717980,tt12573454,Sharper,2023,70.0,3.5,false
2024-11-08,813,tt0080339,Airplane!,1980,80.0,4.0,true
2024-11-10,877817,tt14257582,Wolfs,2024,80.0,4.0,false
2024-11-14,20829,tt1201167,Funny People,2009,70.0,3.5,false
2024-11-15,2493,tt0093779,The Princess Bride,1987,80.0,4.0,false
2024-11-23,252511,tt3204392,The Kingdom of Dreams and Madness,2013,80.0,4.0,false
2024-11-24,9614,tt0116483,Happy Gilmore,1996,80.0,4.0,true
2024-11-24,149870,tt2013293,The Wind Rises,2013,80.0,4.0,false
2024-12-02,11322,tt1152836,Public Enemies,2009,60.0,3.0,false
2024-12-06,648579,tt11291274,The Unbearable Weight of Massive Talent,2022,80.0,4.0,false
2024-12-07,346648,tt4468740,Paddington 2,2017,80.0,4.0,false
2024-12-11,157336,tt0816692,Interstellar,2014,90.0,4.5,true
2024-12-13,522627,tt8367814,The Gentlemen,2020,80.0,4.0,false
2024-12-14,11362,tt0245844,The Count of Monte Cristo,2002,70.0,3.5,false
2024-12-20,535581,tt8695030,The Dead Don't Die,2019,70.0,3.5,true
2025-01-02,426063,tt5040012,Nosferatu,2024,80.0,4.0,false
2025-01-04,807,tt0114369,Se7en,1995,90.0,4.5,true
2025-01-07,661539,tt11563598,A Complete Unknown,2024,80.0,4.0,false
2025-01-08,23168,tt0840361,The Town,2010,80.0,4.0,false
2025-01-17,793,tt0090756,Blue Velvet,1986,70.0,3.5,false
2025-01-24,805627,tt14500584,Beyond the Infinite Two Minutes,2020,90.0,4.5,false
2025-01-31,19898,tt1188729,Pandorum,2009,60.0,3.0,true
2025-02-07,858017,tt15574270,I Saw the TV Glow,2024,80.0,4.0,false
2025-02-13,76341,tt1392190,Mad Max: Fury Road,2015,100.0,5.0,true
2025-02-14,25195,tt1216492,Leap Year,2010,50.0,2.5,false
2025-02-26,1106739,tt27403986,Juror #2,2024,80.0,4.0,false
2025-03-06,359940,tt5027774,"Three Billboards Outside Ebbing, Missouri",2017,90.0,4.5,true
2025-03-08,696506,tt12299608,Mickey 17,2025,80.0,4.0,false
2025-03-14,493529,tt2906216,Dungeons & Dragons: Honor Among Thieves,2023,80.0,4.0,true
2025-03-16,974576,tt20215234,Conclave,2024,90.0,4.5,false
2025-03-26,128,tt0119698,Princess Mononoke,1997,90.0,4.5,false
2025-03-28,9388,tt0427944,Thank You for Smoking,2005,70.0,3.5,true
2025-03-29,1064213,tt28607951,Anora,2024,70.0,3.5,false
2025-04-05,52067,tt1477837,Cedar Rapids,2011,60.0,3.0,true
2025-04-05,666277,tt13238346,Past Lives,2023,80.0,4.0,false
2025-04-10,1241436,tt31434639,Warfare,2025,80.0,4.0,false
2025-04-11,556694,tt9198364,Three Thousand Years of Longing,2022,70.0,3.5,false
2025-04-19,37797,tt0113824,Whisper of the Heart,1995,80.0,4.0,false
2025-04-26,870028,tt7068946,The Accountant²,2025,60.0,3.0,false
2025-04-27,584,tt0322259,2 Fast 2 Furious,2003,60.0,3.0,true
2025-04-28,220289,tt2866360,Coherence,2014,80.0,4.0,false
2025-04-28,9799,tt0232500,The Fast and the Furious,2001,70.0,3.5,true
2025-04-30,1233413,tt31193180,Sinners,2025,90.0,4.5,false
2025-05-01,884605,tt15671028,No Hard Feelings,2023,80.0,4.0,false
2025-05-03,116745,tt0359950,The Secret Life of Walter Mitty,2013,90.0,4.5,true
2025-05-04,9615,tt0463985,The Fast and the Furious: Tokyo Drift,2006,60.0,3.0,true
2025-05-10,169813,tt2370248,Short Term 12,2013,100.0,5.0,true
2025-05-15,419704,tt2935510,Ad Astra,2019,80.0,4.0,false
2025-05-23,575264,tt9603212,Mission: Impossible - Dead Reckoning Part One,2023,80.0,4.0,true
2025-05-24,575265,tt9603208,Mission: Impossible - The Final Reckoning,2025,80.0,4.0,false
2025-06-08,13804,tt1013752,Fast & Furious,2009,70.0,3.5,false
2025-06-19,161,tt0240772,Ocean's Eleven,2001,80.0,4.0,true
2025-06-22,163,tt0349903,Ocean's Twelve,2004,70.0,3.5,true
2025-07-05,529203,tt2850386,The Croods: A New Age,2020,60.0,3.0,false
2025-07-06,911430,tt16311594,F1,2025,90.0,4.5,false
2025-07-11,359724,tt1950186,Ford v Ferrari,2019,80.0,4.0,false
2025-07-18,3049,tt0109040,Ace Ventura: Pet Detective,1994,60.0,3.0,false
2025-08-01,10527,tt0479952,Madagascar: Escape 2 Africa,2008,50.0,2.5,false
2025-08-02,1242011,tt31184028,Together,2025,70.0,3.5,false
2025-08-08,9016,tt0133240,Treasure Planet,2002,80.0,4.0,true
2025-08-16,803796,tt14205554,KPop Demon Hunters,2025,80.0,4.0,false
2025-08-23,8392,tt0096283,My Neighbor Totoro,1988,80.0,4.0,false
2025-08-29,950387,tt3566834,A Minecraft Movie,2025,60.0,3.0,false
2025-08-31,578,tt0073195,Jaws,1975,70.0,3.5,false
2025-09-14,565743,tt6803046,The Vast of Night,2019,80.0,4.0,true
2025-09-28,1054867,tt30144839,One Battle After Another,2025,90.0,4.5,false
2025-10-08,10866,tt0206314,Joy Ride,2001,60.0,3.0,true
2025-10-14,1290879,tt7130300,The Woman in Cabin 10,2025,70.0,3.5,false
2025-10-15,50348,tt1189340,The Lincoln Lawyer,2011,80.0,4.0,false
2025-11-16,577922,tt6723592,Tenet,2020,80.0,4.0,true
2025-11-20,15916,tt0208502,Angel's Egg,1985,80.0,4.0,false
2025-11-21,1290159,tt32376165,A House of Dynamite,2025,80.0,4.0,false
2025-11-28,701387,tt12300742,Bugonia,2025,80.0,4.0,false
2025-11-28,18823,tt0800320,Clash of the Titans,2010,80.0,4.0,false
2025-12-07,414419,tt6019206,Kill Bill: The Whole Bloody Affair,2011,90.0,4.5,true
2025-12-14,812583,tt14364480,Wake Up Dead Man: A Knives Out Mystery,2025,70.0,3.5,false
2025-12-21,929230,tt14402316,Onyx the Fortuitous and the Talisman of Souls,2023,60.0,3.0,false
2025-12-26,19913,tt1022603,(500) Days of Summer,2009,70.0,3.5,true
2025-12-28,388,tt0454848,Inside Man,2006,80.0,4.0,true
2026-01-02,83533,tt1757678,Avatar: Fire and Ash,2025,60.0,3.0,false
2026-01-13,1317288,tt32916440,Marty Supreme,2025,80.0,4.0,false
2026-01-17,4977,tt0851578,Paprika,2006,100.0,5.0,true
2026-01-18,639988,tt1527793,No Other Choice,2025,80.0,4.0,false
2026-01-22,318846,tt1596363,The Big Short,2015,80.0,4.0,true
2026-01-24,15196,tt0088930,Clue,1985,70.0,3.5,false
2026-01-29,1259102,tt24950660,Eternity,2025,80.0,4.0,false
2026-02-01,1241983,tt29768334,Train Dreams,2025,90.0,4.5,false
2026-02-13,1316092,tt32897959,"""Wuthering Heights""",2026,80.0,4.0,false
2026-02-19,766507,tt11866324,Prey,2022,80.0,4.0,false
2026-02-20,1242898,tt31227572,Predator: Badlands,2025,70.0,3.5,false
2026-02-22,8363,tt0829482,Superbad,2007,80.0,4.0,true
2026-03-06,273481,tt3397884,Sicario,2015,90.0,4.5,true
2026-03-08,1159831,tt30851137,The Bride!,2026,60.0,3.0,false
2026-03-22,687163,tt12042730,Project Hail Mary,2026,80.0,4.0,false
2026-03-24,875828,tt15574124,Peaky Blinders: The Immortal Man,2026,70.0,3.5,false
2026-03-27,1306368,tt32642706,The Rip,2026,70.0,3.5,false
2026-04-04,687163,tt12042730,Project Hail Mary,2026,90.0,4.5,true
2026-04-12,72976,tt0443272,Lincoln,2012,90.0,4.5,true
2026-04-19,4935,tt0347149,Howl's Moving Castle,2004,100.0,5.0,true
2026-05-03,1430077,tt35672862,Hokum,2026,60.0,3.0,false
2026-05-12,76,tt0112471,Before Sunrise,1995,100.0,5.0,false
2026-05-17,44833,tt1440129,Battleship,2012,60.0,3.0,false
2026-05-31,290250,tt3799694,The Nice Guys,2016,100.0,5.0,true
2026-06-06,1339713,tt37287335,Obsession,2026,90.0,4.5,false
2026-06-06,361292,tt1034415,Suspiria,2018,100.0,5.0,true
2026-06-25,522162,tt6924650,Midway,2019,70.0,3.5,false
2026-06-28,44943,tt1217613,Battle: Los Angeles,2011,40.0,2.0,false
2026-06-28,6278,tt0253556,Reign of Fire,2002,70.0,3.5,false
2026-07-02,795615,tt10738906,The Feast,2021,90.0,4.5,true
2026-07-19,1368337,tt33764258,The Odyssey,2026,90.0,4.5,false
