tmdb_id,slice
19,5050507474746565656060603131319191917878783b3b3b3737374848485c5c5c8585853a3a3a2121213a3a3a3232343b392d4a48352424221f1f1f
24,d8c11bd9c32998862e87732a806d2a957f2e957f2a8a752784732bb58f2ee8b133e9ca32e6c52ee2c42ce1c32ae1c32be4c52ce3c62be3c52be2c528
28,a0272da9292fb54449cb8585ce806ac76a48b5482ca232299e2a2a9a262a8e2529591e21421b1f39171a1f0d0e13090a0b05061108090b0607000000
76,f4efd4f4efd3f4eed3f4eed2f0e6c6efe4c4f2ebd0f3edd3f3ebd1f4eed4eee4c9cfb79a9a715589573b926144875a3f683e2a5b3b2c4e3f36312c29
78,5350426a5d4e7761507e6552826c5a735f4c6d5d4c6c5d5053433c5a433c58443e54423c5e564d5a5e5750534d37302c2424212f1010601616010103
120,0103001d190d5c512e5c54346f69509b8f6e88784e77643c907b518472467a6b3f8374448c7949a69367c9bb96a39872a89d7be0ddc7838a633b471c
128,343c393b453e5159546c72706a757375837e7a857b7c847787897f979d92aaae99bec1aabcbea1b5b495b3b59d82878180837a5e605e5f6364686d66
129,01010100000013131332323200000001010101010117131028201b3d302742342a261c16331f1b70484096594a945845825a4b714c3f7f54467c4f41
136,fef59deec278e69a60e09a5eeec679f5d682f4e088f0dd85d9c473e2c876eac776dcb96dd9b96bcfb371b69a5ead884bac8b539d744092703e7e6731
149,aad3e9b8daecbeccd89b8382a34f43b46e68e2e7ebe4e0e0e8d0cde1ccc9e7dad9f0e9e8f7f5f3f0eeeca47f7ea269677a6361999392f5f7f5edf1ef
161,1111112424244b4b4b5c5c5c717172868786b2b0afba8988c34a4be49393e8bab9ebc1c0f0d4d4f1d9d9f3e4e4f0c4c4f1c6c7f5e8e7f5d2d2f6c3c4
163,db9d9dad5f5f783b3b761f1f8921218f4d4c8f5e5d956565b98989ab6b6b9252539b4747ad5555a94242c56f6fbd7d7eb98a8adfb8b8ebb7b7eba3a3
170,d83126cf2e25c12923a8211bac2b1ea4251ab03e3caf4946ab4642bd4b46c64b46b53530c22922cb2d25c12b239b241e370b0a9d261ddc3327cd2424
176,fefefefefefdf4f3ecd4d0c29a937d76715ca4a192c0bdb1b1aa9fa49c92ada7a1c9c4bce8e7e0c5c3b49790808d8577898479a3a49cebeeecfdfdfe
214,fafafafafafaf9f9f9f8f8f8f5f5f4ecebeaedecebeeedeef0efefe4e2ded0cac3d6d0cbeae9e8ffffffddddddc3c3c3bdbdbcf7f7f6ffffffffffff
215,edeadfdfddd2cecabfc7c3bad3d0c8b9b5ac918b7f938b80968e81a59c8baea594a49b8ba29885a9a291a29a8b988f80837a6d82796c8b8175867b6e
277,0000171a263e405c72061c36263d53495f70556c7c5668755c6f7c576c7b3f526134475721384d09304a11354a0f1c2a0b1728111d2f101b29080e19
299,daada6933220885a45a3674ec47957d18363c67d62b56a4f785c546458553e3532bfbfbfb7b7b7737373ffffffcececeeeeeeefffffffefefeffffff
329,051b1e071f1f1a342d3146383742315c634b8484643136311b21224437293f2c242c1c1c534a3e50483e2f261f2428271c23260f1214010101000000
348,0000000000000b0b0b0202020000000505050e0e0e111110151814283321262a1a131f0e02080400000000000004100809100a20171727211e1a1514
350,ffffffd1cfcc9b897d6f5c52b5b2b0ffffffe8d5d5d6bdbec5a8a8b59898be9596d09da0c79194cda6a7d4bdbee3d2d3f5ececf4eeeef7f4f4fbfbfa
377,1d37751335801d45822047810c236c0821700b2c7b0d2c7d0c348a09358b164b89214c850e2a6a0924641a3569223e6e4e3e663f265a25235e001858
388,6265617378768b8c898d8e8a8a847f7d75717069684a4a4c2f373c2e282f8659616d6369515a5b6764606a645e766e696c6a685a6264515b5f555f63
389,94a8b4105471577085c3bb77ebd606e9d40ef1de0ff4e00ef5e10ef6e20dfae40bf6e10cd7bf10bea410c1a416d7bd16ffed0bbdc63c879e45cbd3a7
393,e7321de34e2ddf9633dd9329d2984cad8440815a1c644316906617ad6b1ea54946be332fb52121a525279126278c27279a2927a32923ae281fb22c20
490,0303030909092a2a2a4343433c3c3c3434342222221e1e1e1e1e1e0b0b0b1313131010100909090404040000000808080e0e0e000000010101010101
550,010101000000211c15634a3b7c474d94555fbe7065cf845de7b97bc68b39be8e39d2a84ec79c45c29635a78d2a755c20533a1b51461d322f11181e08
578,ffffffe9bfc3d7777ed47077f0d9dbffffffd5e1e331a0c50197c90194c40593c10994c00d90b9339bbd308aa314687f186e84197991107790097c98
583,060507120e0e2b2921514c35665431654d28745624916a2b9a6f2bac742ac47a2ed08531c38735be8036ac7a3e956e47665e4c879688858975000002
584,777c847b848d6e778197a2ac6c7681595f657e7c7db4b9bda3a6ac8d737681787e606c7774808c66717b2e3640252a33292d3211151b000003000000
588,d5d2cfdedad8bcb8b59b98949c979399948faca6a4dbd8d5d6d2cfd2cecaccc8c5c1bbb7bab1adb0a5a1a69b989287836e6360867b78837875807572
591,342213352010351f10714d229d7133ac83479f7a4d7b5c3e553f2b3a271a362720413936342b2a2d1d15503c2f5a4537503b2f2f2525040404000000
603,3e95594b9c636daa7b7eaf865a91683a724b295536224b2e24492d1d40271d3f2516361d132e190c211107160b0410060e180f323b310e180e071408
622,0000000201010e08063c1d115e2c185f2f1c562917402015563321502e1c4b2616361810431d12200c070405051c1c1c1b1b1b161616040404000000
653,1620171d251c232b20323a2b363e2f32382c3e43324e533c464d38434937595e49474d3e3c4335383f30242c201e271f9498948d8f8d4a504b000b02
671,0303032f3536495455282f310f1c250a2535112c3b243e4a375965556e786579815b828f508da1418096206a851e5e7720596d377489416a7a203a44
672,0b09083f3418453a1b13130c142d1e6e8a737f8d7b8b8f77a39d81b8ae8d989d7c52674c3b59473b52412b3d2f21362a273d2f364632252e230f1d18
673,1b171555463a514d463e5761688b9a8dabb88a9da7a4bbc691abb86b6d6e515f623e68742a5a64264b5221474e1d404a1a42461a494d2742432e3a30
674,0000131b1e304a525e333e4b1b2e3e25435344606d687e865e65644b5f62396068304a511e353d0f2129111e24101c21191a1f1a11180d0c1306070b
675,0e3a424454554e63642650521c54573c6b6c868b8182827a777771414a473d46444248451c201e161e1e3e4d4d5251502d39371424221f2d2b1d3434
694,ffdf01ffdf01ffdf01ffdf01f6d803e4ca06bea909a3910a9c8b09af9c099e8c0b9a880cc4ad08f7d803ffe001ffdf01ffdf01ffdf01ffdf01ffdf01
744,8b867c877f7263382f6c392e9d7a65a5806b93564872493a654b3b5a47395c463a47352a4a443ba97f7fa06d6e41433d18120b3a2a213f2f253a3028
747,838383d2d1d0d7d6d5cfcdca948177814b46945f6091656368403c371916411f174e2a194a261163453b9886846948437a4f4b9569656f231e2f100e
764,032d67032e690332710234760637780a36760b37771037711b3a6a27436c34455f28374c1c273516191d2d2e323d3e422b292c140f12140f13140f12
767,1137403e585d495c61233f451a39401539412659634386906ea3ab80979d7e898e62686d51555b3940472d343c2b323b262c321c20230f1415010202
793,00000a00000a00000a07070f21212831313614141b00000c010111020115040b23112e531d537e1147760f3a5d0a304e01041000000900000a00000a
807,0c1514101716151817201b1a2a1f1d58382c764f37785538724d35654a3372593b765a3e5f4231483529342a211c1b182f2d2d3b3838212323060f0e
813,7bb0d59cc0dc96c3e0aaa9c0c57885ad4e5daa3441b6303ab132397678914390c26ba4c78aa8bf7e9ab293a8beb2bac9c4d0dfb6cde4b2c9e0bdd1e4
818,12b9e329a0ba4f9ca658a5b2619aa36a8183677a7f627a8364685c71614aa0754d9b7c529f7a56956b6678878384936654998d2cacbf16b2d512b6dd
935,7777778d8d8d8282828a8a8abababaaaaaaaa4a4a49e9e9ea3a3a3a4a4a4aeaeaeaeaeaeb8b8b8bdbdbdbebebec2c2c2c4c4c4c4c4c4c2c2c2c1c1c1
948,090403070303230d0a3e130c370b08350a064920113c140c360e0a2808081605050c040408030305030204030400000067615b59544f0000000c0605
949,01010301010405080e0d141e0a111b293a4b203247203b551d40600b213a0a13240a15240e263e4d769779a1be42668400030c16171820272d14080b
954,f0f3f48d90924a4d4f3438393c3f4044484a4753594f5f674f636b4b595f51595c535c6056616647515525262917191a1710117523233d1718000000
955,70280e6b2a0f74280e8739107e360e7c320e713b0d4d30084325094f270b4b1d094415095d240f511d04633d2dbfa69b765c4d471e00522a0e5b260c
956,5f74812a353b2a2f32576267858e92a4a5a2444443091011392726b86b5f7947422c3e44454c4c3a3a35332d265748376f604b8d724ebf904dd0983c
1091,484c4f2f2c2b3839362f3a3b3842434149494b4b4d2e3737263134413f414a47455c5a506b6457544c48574b4760544f4e45415148424d4a43636d6a
1092,050505050605141516373a3d4245493a3d4026282a0e1010090a0a04040418191a1d1f201d1e202f31333335382a2b2d27282a323336161718000000
1124,0000000000000101020101032a24224e433f3b3635463f40484345373537292b2e1118200b1c290e2436050d172b2d2e424243000000010101000000
1271,786346908165ab9e82baab8da49271897154624f3a694d39814f3c7545375c2a246b252274262487322d693c336246396850405f483b46352d3e2b26
1417,0309112038452c5460435c512a40390a282b3352556c81874b57563a47474f656c3f5a6029393a262f2c3137333e453e212e290b171a050e11020608
1535,62555c78696b91787098766b9d7f7377666a68596050515c652226a51e1dbf6f6e9a3b38614546646068605965857a7c7b726f666062494449423f44
1596,0101000000003b210f854e184925105a3412593112804f1b89551d713d167d441564230d7c34188f481e7b331772251358180e2b0c07020101000000
1771,a8abad9a9a9caaa8a9a7a7a9686a6f4f5259454850393a3e4646476c6f7656575d4c4b4c413f423d383d493a3f614d5364454f271e2b111116030203
1830,ffffffe5e5e5d9dadaf7f5f4c2b7b1a39287c2b19fc4ae97ae9580947a6dcbac97bf9884b8917dbc9d91b0968b75645e362b2738322f3533321c1815
1878,0981af1e9cbe62a79d47716c5b735b9898727568538c7d62b4997197947f899a94c3c2b7e6d2c4e1c3b8e3c4b8e7c9aee2bb7fd7a156d9a960cda561
1880,340c054b0e04661305b6867dcb9d93ce8e7fd8a99df2e1dafae4d1ab6943652815733d27572e1d4c25177b4d3284523469382156170b2c0603030101
2082,340a1e41071b601c20923f25a95826b45b26af542a7f261f913121b04a2395421f8a321ca543207d321a451e110e04040000018149205e3116000000
2291,0101010000000a0a0d47494d4a4d4f262627302f2f1a1b1d43434657595931343530323325272a2324280102030000001e1e1e454545000000000000
2300,12131b15151d3b292f524b42666f5360506a56608e6671ad7576a1877c947c788f8482958383978b8899797a95635e747e6f778776798d727086706c
2493,111c172e38365c62626d6d5d8e83518c7c449c8241b69251c2a66ec3af80c6b07dc9bc8bb7b07f9f8f5367562d4d441d454e2515160d000000010101
2567,4b3a26896433aa7e40a77d42a07a42ac7f41b58441b1813fa4773a966f387f62366f5c37635d4a5360681329400a0e1f34353c393a3d06070c000004
2654,441b1d4a1d1f401b1e3d1a1c421d1d3f1c1c5c21246b24276b2327872d2a9f302ea92d2eb73932a23e344c1b1f1f10133c1518371417301316180f13
2671,ecece7e8e9e3d2d7d5c3cdcbc6d1cfc6d3cfced8d3cfd6d0b5c4bd95b1aa7aa39b6a9993628f8d668289545e77636581838599b4b6bff6f7f0f0f1ec
2787,0939511c455a1a26322e333f4d4c54414147524d515b565c515862525d68333c461b222c1b202a28282f221e2408060b0c0b0f424344161517010003
2832,00000a10101a49494e14131f0001150328430645680d648c2881a72683a9228bb4238eb7198cb70669910344640e384f0a33493b5159615847504839
3049,19203a17203b2e2d3b352e33473f4c584e6275677d9a8182b19595bb8996baa7b5c6c3c2c8c3c7b49fa5a692a266627c4b517f25316019203c1a2038
3085,f8f7f6c9cacbb4b4b4bfc0bdc7c6c192908c838381a4a49f7a7a7379787196948d9b9a95aeada7c9c7bff0f0eaf5f3efa57170d1b7b4fffffef6f4f0
3131,0c110f514b2c7f724092834c736439574f302e2a1f2f2c213530232d2a1f28261d2b2a205d5b47a08d575e4321100905332f2b41372d010000000000
3509,261a213a26284e2f294c342d443133462a2e49312f221e292014246132165e341c5e311d3d21241b15360707293639434e564c292b3301000f060510
4141,e9f3f6dcebeebac4c6a3a6a57c8282647173768585727e7e6973736a706e6b6e6d757977666a694e5453555957868d8c707e8150666b304849101e1e
4247,3189a477bdd382c4d8378eab5c6d8076545f7d66658f7574704f4e454a46595b515d6b4a263c2c2f231e751e2269191d7a10184e090f000302010000
4257,295a81317ca72d88b93480b14e7a9e54728d6571827666717a62618a64569d7f63a69180896b627a5f51553f366b1e2086262c8b2f393c1a1f1b0f16
4488,00000006050734333b5552613d3949454356444152403d483a383f3a363e3c37402d2b2e2f2e302d2a2d211e200e05066309126d0a151b0406000000
4513,253135161c1e0c0e0f2a2e3039424541494b394448211d203a20246b383f83262c891d236e1f2576191e83171ba0191fa51a208f171c84161bae1a20
4539,e5ba6ce7b867e9b661e1bb7ad1b788e1b060efb04ceba742cf8838d17b349d4d23983621b92e29aa262e8323294a1a1e421b1d381618230e0f1f0d0f
4935,6672875659665354624f4d58544e56534b50473c3f4b3e434d43494a3f444d4042483f434e403f5b4b486c55506159573e414a474440514e3f323638
4964,8bc0659bb96cb4694cb3885dbed799cdc3a8d4bba5d9bfa7d8bda7dbc1adf3e3d4f1e8dbe9e1d7dbcec1e1cbbbc9b2a197928779807d5a5c5b433c39
4977,9a2021991e1f9b4b5db996b49a5763b2714f947963b49981daba92d7b78fbf8f78b97263bb7d65b87c66d29c75e3b27ddead7ddeb186ddc49ae1c592
5236,fafaf9edeef1d0d3e1d6d9e5ced2dfb4c8da97bed577a3c66f9bc07495bb7696b98090ab9eaec0a7878dae4d49c4433ac34c45c28080ccc3cdcedee8
6278,1d05043e12087e391b98552f994f2a87411d652a1365281461200f762f1b83371f9b4829a85223d6813be48d43cc7435ad672c934b1f541c0e090001
6435,1c0d0e2f211e57463f463832281c1a543f3473533c795e488e7d6587725c755f4b4d3a2b705d42ab9057d0aa58a87f35886029795521834f23472118
7345,030202120e0c14100d0705040a06061a0f0e341d153a23184b2f2143271c371b1530131447241e7e5640513a2f000000000000232323353535000000
7453,070c0f00090f434c507989963e5b710b233314374779959f97817070655477695e8b7166836d68726e6c7879775a666a526a6f3550542949452b4b47
7553,edc83aecc83fb99e4b987a5aad8c73a081669d7855a57b577e5a463d322c615a54b7a49fb3726ec5a2a3ac929193706a9a7a75977b75a77e779f7564
8329,2a231812110e0b0c0b0b0b0a13120e2b23163e331e362c1b231e161c1a131d18101a160f12100c0000002c28286d54574d4042030404000000000000
8363,f9f3e4faf5e5c3b5a4c7ad9accb4a080716a693f41ad16198327245a4746725d598c7364927d6e9d8b7ca39285a192849c8c7f9b8a7ebdafa1f6eedc
8392,0d171b0d14172930325055577277792933380f1e23182d34233e432d50583259652a56635b6f76877a7b768178808476777c6e63776f63817f46635f
8413,121923121b26101d290f202c19313d40617151748a416781395d753b566c535f6e55575f51555d4553603d4f5f2737431c2e3b2a3238040c12070b0f
8467,fdfefd6589ae4b7098ebdeceedd8c5d0baa9cfad95d3b7a1a68b788266586a5549775f509e775ea37d63b08468b87860c47c66cb8576cd877bd1897c
8619,221c1b2b262229242047403b48403b3f3a373734363033372d3945314e62446d7f62848f728c9451676d4d6168576f7d152e3e2c37422d3038091016
8973,3136582b3f6f1f396b344a7958668a4860856d87a13f628c35486f394e7639547d455c83475b7e3549663c243833283927222d16171d2d2f31151619
9003,0b49880a4b891b58902c5c8b3e648e325e8b2b56811229440d1d2f0a1728141e29262c351b1b222a283127282f080b12080506411414140606000000
9016,5286b45185b05e86a9808d9a929291b09e9ab8938f9b6e717f4f555e34474b28394021314d3034523532543c3a3c3f53204d6d105b770c566d07495d
9067,64aacf55a8d14ca8d468aac5729ead8a9a979ea09fb09e9ebc9785a68876bbad9bcaccada3b39b868b805e444a68475a8c3948933542552827090b07
9100,3445436b746d89877f8684798f887da99a8cb8a594a08c7c8172667b6e637b6e63af9a89b3a292cbb9a98575681515131a1a1a363636131313000000
9388,f11019f31e26d01019b4151eb91d26c01f27c81c24c81921c90d15cb72758f9a9b828486c59a9dc63b429b182089040c860107850007810107810107
9392,0000005e564f9f96882617135c2d13915a28ab8558bc9a6fb289558d5b298c6231a8825185572d95672baa7e3aa6804d7f572f6e3c1830190b020000
9426,0000000e140f131b15101712131a150507060508060b130f202c2536493b3e53443b54444565524a715a467d5d3271531d473712241d030605000000
9532,0f1f230b18190b191b18222575615c453f3d0413160b1719030c0d161a1745403c5b534b776e638073696e645b47433d4a4742373e3f070e0e000405
9539,3b322f29201d6a524b85695f69524b573f395a463d2a221f0b0b0b131110151311150f0d23181435251f291a154a3c33645a50443f39040404040404
9552,030303030303040404101015211f2b2a28380606080203021515154f4f4f848484b6b6b6b6b6b69292925151513838382525253636361d1d1d000000
9571,458ca1478ea26984897e7c7a817c777e7a7a947f84a8808bad737dae7780b4837b938f7c748a8d8c8c8ca08c868b7d7a6d7175466568586c6c787169
9614,0000010000001334453a6b8745789883878f9788849c8f8caea4a6b4a9a98189946279935a66760f161600000050401b281f10000000010100000000
9615,3d3d40514e4e595b5b52585e535456505659707477676668605d5a2c272547373364564f74675d988674b5a18b9a8b8097928ecfcfcff2f2f2e4e4e4
9637,142f50122f4d0a3a5732758f32859d257b7389b69e9d9c889883728773637c765a786b5b5f6a683468652477751d7b81287e70386942192721181718
9718,6c769e7b81a4777b9f756e8c7b57657e5f71a38d9bc5b5bbb8a2a6baadb4bfb3bca3a2aba5999eb78e90c6b3b9c8b3be9c8285caa8a2a47b7b7d6270
9799,38231776492b955834874f31773e263b1d1423140d3f2a1f4f39317f766faa9b859d78536d47374a281961411d625021564e21533c20855328b67536
9886,1a2b5a2a346416294f222e4946425a3934402b28333f41503e4252353c493b3d46514e562f303d151e3a231d322925370d162e783f40c1785e7b3d46
10189,0a161b2622295230336b484a60757f82878c9a9696978c848e7b6e907c6b927f708d7b718577727c787685898aa0a9adb8c1c6d6dde2ecf1f5f3f7fb
10196,776a6d7a69667669615f5b515957515555534a4847453a344235313e3032372d31372d2f3d353441363533282b221b23231e25261f251d161e221014
10234,0806040b0b082928263a39374645444d4c4b4c47464d424047505334464e213137190a0a6e0c106b0b11570a0f6e0b11200607000302040303030302
10439,060925121443372759553e4d785a5a836360a5796d9f6d5f8e6f5b6d564a3b3c41374766354678555f7163676e65696e596476485a8a3c4b7c192455
10494,0e18270a101b121a271e24372a334b2d354e2b334c29324a21283d1c2235222b452a36552938591d2d4a111d331a24352e38472b3545060d1a090b13
10515,6b9c8b6e9588718e7d6b7c726f7579866b668e675daf877c8165626b5d6b696776615d695e5d7166698164677c6a6f84747b8d6e79896a7691627298
10527,03572d2b502d8d682c5b8d3852a53a65bc469ecc3bc0c452aa9c529d9151a29756b9a559b4a75e8d865c8179556e684b6b67486a593474543284673e
10665,090401110802221107311a0b3f220f462b183c2517301a0d371f12311b123922155c351d64331471421e4e281046260e463123160b060f0601120702
10719,a7d6f4a6d5f4a5d5f3a2d3ef98c4daa1c6dea9d1e181b6a571a69082a6a594b2b272a1966b9491768d757e997f82a48c83aa9db1c3ab889585a6b8cc
10764,9f75509874569f7e63957a647e695c7963594f433f2c24233d36335b57564342435652514d48484e4c4f585556766a629d8d7eaf9b85ab947aa08160
10774,1515152222224d4d4d848484b4b4b4cccccab7b4a4a4a18f93918781807e959595d6d6d6d3d3d3c1c1c1ffffffd0d0d0818181ecececfdfdfdf9f9f9
10866,0001040f0807502f1c72462873432673452760321f572a1a4c2a194b2c1942291a623d2182582e956e4399663e865b4a885f5561352d1b0e0b010102
10925,5e5a5a0c0407100c0f141213201e1c2c2b29312e2b3024204d433f6a645f6b656269625f5c5a5954504d6863605f5a577d7977504b491e1917636160
11001,0d44481b484f879ba65260672231382f31374b3e44574c5a565169776681675b74595169232f473033543b385d323255352f4b3d2d44271f320b0a10
11036,8d9ecf95a1c69597ac9895a1a8a09f9f929391817f8e7c75b3a6a6ccc1c1b6a6a4c3babcded7d4d1cabfc8c4bccccbc9dcddddcbccccb1b3b3c9cbca
11072,1a416c4158828d7c839a7a729e7b6d9f705c926c5982604f875e4b886753845b5082674b634f51795c51906e5ec9968cf2b19cef715fe86756da594c
11075,da9214e39d16b37c1392650baf740bbb850dba850d9f7511765e168d7a0ea68e20a18528977b28b49537c1a043c3a240d1b148cda73dba9b1cc7a615
11322,c2c5c1b6b8b4bdbdb8c6c6bf9ea09c777b78616663575c594b504d404542373c3a3438362d312e2b2f2c494c4850524f3134302528242225221d201d
11324,11151b1a1c22323238312f35312b2f3f2f334e393b5f5254554c5027252d303a4136444b202c333148521b1b27390e16270a0f050409030408040509
11351,0101010700001a15153c35376a110ba92105a9320a933d0d883e0f994408aa7308b8a506b59f04b69505b78707b1600ab13d07c14c09cb5109d95407
11362,0b01022602023f07054c0a0660160b6d1e0e701d107724136b1b0f5f150e62160e67190f681c14480f0b3409074123203e3534333334191919060606
11381,76b1ea82b2df7e96b68496b691919aa3887d94776d7d625a7c66609c857aaf9b8d93796575563e82503dc02e218f4733574c394e43363d392d16160f
11455,d8af0bc67c18a96233a05d4ca0807086736570645840393775673ad7ad4ddea14fe1bb66cdae62ceb16eb38e56c09a50d2b850d8b238ebb32efab125
11474,09090b080a0c17101142231d6d28258724235629254637364c3d3c644844664f4670473d6c4e406f5440b17d579c68478c5239804a34745540575547
11544,a49cb0aea2b1969ba96e8ca17d818f7b81904c9cb27c96988383846c82887188848a9aa16f96ab6695b261a2c6769cb47a8e9951accd108cbc0277aa
11652,ac8746ac8941a98846c0aa658e743aa98a4ad8bc61ddc460e3d27ee6d7a1dac58ec6a65ab09035a87817a4540f4e1d0c1c0a07807e7c666766000000
11665,c4d2daccd3d7a39a968a72669b8173a48a7a7a6e66767677797a7b707879864b4daa3a3caa3a3b8c65677981838986838986848b8987817f7d7d7b79
11906,0000000303030b0b0a0e0d0d100f0f0706060803020301014403054b01023d090a372f307f7f7e929190333131050202010000000000000000000000
11977,325a59527c75496661617773636c684b615e4078574c7e49518444588052667856666d505f6e584b6d5d035741386e2a899c2809582d01572e03582f
12113,030708061b1f183e432140441f474d143b421b454b193f4514343a1b393d2240451d52592031332a34351a282a1926282c4144193f456c29223d1a17
12444,05060b3136394c54582a2f34141a21364244616f6c5b69692632361f2a30232e331f2b3231444c2d40461f2b30131c210a0e13040408040508030304
12445,1622233b494a536364344345304042495c5c697875788881535c554f4e482f2b2b201d1d1f1f1e232826232b291c242119221e0b110f0809090b0a0b
12475,548ab85b8ebc6191bd6b88a2a88468c88f62c8895ab87d53ac79549a7c666e5b51907563c6b1a3cfbbaed5c4b7d4c2b4d6c8bbd8a95bd0a762d3cbc5
12620,9dd6f0bacee8d8abcbd69bb7d4b0bda8b1ac958374b78e75c8a699c2a2a5caa0aae1c1b2d0ba9ec0b18db3a483a59e81ab8d799c9a7b8e976397a061
13092,fffffffffffffaf7f5dcd2cbaaa29f927e7ab59e9aaba8a66f5f5c614a4f5f565c97898cbe9697bca4a0e7e5e1e7939aa59094eef4f3fffffffefefe
13207,010101010102030d12102c351f3c441f3f46183437182c2b202c2a19221d111812080c080102010101020101010404032515190b0b0e000000000000
13448,71130d901f14b347229c5336a05330ae5a31bd6b3db35a307930173b190d32241f524540582e188c50357947313d1e182a09062504021f01011b0101
13804,0f0e1122212447464749484a515052535153413f423e3e4138383c5052565059624c5662404b593d4b5d414d5c3c41483f41432224271011130c0e11
13885,0a0c1010151d2228304e555d5c5f68595f67383c44272c351e25303c394544414b323a43272c332529313031374637392e1d2112151c0e0f1508080c
13997,5884ad5484ae4589b4687fa7c85773846c90348bb84c7c9f507081586e7566737e597586606d7676727484929f7a98af7e87956b889d5b91a8628fa3
14342,c9e8ffc9e6f6c3c6a9bcb18cb4b28eaec1c2b1c1c3c2c9c7a6b5bf949aa09d91889e99937583846877686f7c629f9f83b0ab93c3b4a9a4998ce1c8c2
14630,eefefddffefed6fdfed0f7fbcef5facaeef2adb8b3908d86a69a93c59b8fc29685af8379a36665ae8379bd8c7ecfbea5dccdafe0cbaae8d5b0ecd7b4
15022,045081005597277a8ba5b9398db34d8fb955afc340b9ce4496ac474a818b607b7d586360777d79b4aca76581855681876a8987818c829d92828f8377
15196,01010140404073737330302f424240625e57645a5048444151504e6760576058505c565162615d7470676f675e554e494c4946413f3c76746f373836
15373,b8bfcd7889adefeee5b1b9c291b0d4a3b9d397a7bda8b8cc93a4bb5c687c5a5a6563525a735863847176927f7f7266694a494e595c5e54555455534d
15516,4c4b494344415859568d8c87b1b0aa90908b82817c88878294948ea8a7a085858060605d3c3e3d705a58a6726fae6d6a815351584f4c6a6b679a9992
15916,0000000d0b09251e180706051718185b59587d7878a29c9bb1aaa7bcb5b2a499959481798d756b8a7770655a57372e2b50413c5e484370524d5e463f
16307,050407592c22743e2b7044305a2c2350261f54231c4b1d1b2c191e48231a45231c2113161f14191b1a23060c130000002d1c101e130c000000010000
16395,0c0a0e0c0a0e0807093d1e25663445692d3c381b2420131a21131a06070b090d1508070d07060a1816193937381c191b0806080d090f142c61166dc0
16859,0193d40493d2279bd156a3d265a4d166a0d162a1d488acca8da3b38596a3647b915d6d89787a8267748e6377a5435e953e568c2c4480293e7a2b3e76
16871,150b0739312d4f3b2b76614876634c694c365f3e2a67482f7850367c523c583427451f162e0f0c2409082508082b0908400b0a570e0c7113107e1712
16938,76100e4d0e0e370d0e3a0e0e250d0e270c0d240d0e130d0f130b0c1c0c0d320e0d430f0e3711101c0d0f120b0e2d292a342e2f494647403f3f040406
17835,726f8074707c716e7a6b697a6360736c697e7a7c8e959296928d9173717f73717e73717f6e6e7c808085aaa9a3d3cdc2aca8ab6f6f7e8e888398908c
18501,0c0b0b2824235953515b56545c5754564c48574b46756b677369666057544b43404f4643524b484841402d2a28362929572024462627403c3a4f4947
18785,f6c97dc17c68ae6772aa6c68a69379b4987f95715aa77c68b085729f79667e6459867572a3938c8d7a7381655a9a908a8d94975d58595a5354564d4d
18823,94602295703d906b3c9e7f479b70359b66289a6c289b712b9e7b32bfa35bcda6599b74398f703c836e3e8b78477a673b5e51354a462f3e3d2b343423
19898,5e534665594b7b6e5e8074637d71628d816f8f8371968a78978b7a8d8272776d608073626e6153665a4c685b4d625649655a4d61564a52473e3b322c
19913,d7f4ffa6b5be93938aafaa93aaaa99aeae9ca9a898a89c749c92777d7d7a9796978e909575767c666c7792999daebcc2afbfc6cad7d9d0dfe3c2d0d4
19994,09140c15201816241e2b3831424e46545f586569647b7a72858177807e73857f757c776f333931444a41494d44454f4727352e45201b22140e000c06
20126,f9f2ebfaf2ebf8f2eadac8aeaf997f886f587f6247855e3d6748327f5f448b6c4c7f65494e3e303c3129bdb7b3ede8e4df968fde9590fbf6f0fff9f3
20246,343d62494f5956584e64614e6a6b545f65546d6d5b6573653f68731c53741260800d769b197f983687833c867b1b77890d739207729807749e0d7ea6
20829,d3cdbdc1b6a7d3c4b39f8b7b9675629a7a6b886a5d5e49421a161a1a191d1d1c1f383335494444332d2c5a514e776e6a635a573a32313a3331443a38
22244,000000110f0c4d4430655c44554b3b7e6d45ac9c6c797d796f71748958597651566b43496041444f43472f2d2f22251f1b150e100b04040201000000
22954,ffffffe1e0dfb3b1b0a5a1a0b0abaa9793938883815b55545049474b423e43443d4041374145392e352c1c211c030704535554545454000000000000
22970,8e8f879fa098a9aaa3aeafa898989279787264635d62605866645d53524d69686276746d5c5b54767672e2e3e0e3e3e1cfcfced6d6d5e9e9e7f0f0ee
23168,213b463e6a7960868c89857a9c86755f554a1e2724371c1c8224263b20201828292c3a3b3244473b52565164665a6b6d36494c1b2829030505000000
23202,1202022003034e170f7d2314912a09b44c17ca631fd8722fd16d2ccc6222c76621bb6224b25e26b36428c76b27c46926b3591e843010591d0c66210c
23730,151923181c2554575e7c8085505a7f5b58aa77609c3335451b27352431402f35393d3e3a36383a3e434b4149517d888f8890930f1011000000010101
23827,00000001010200000020293b253f6821385d1b3055203257273a5c3243620f193701052118192b090c0e1000013107080a0202000000000000000000
24803,8f773c987c43b08b5ca37b52a48449b294547f6c460909060f0d093029194238200e0c08130e08af6b3fc1804cc38756b0754cbd7c57cf9979c59d84
25195,8aa53494ab49adbb8292a74d8090359aa155a9a261ae9a68a3916e99826c806c5f766658a29686978f7a8587667e836087886a726a5a5a64425b6e3e
25983,26344a354552505b5b4d5a5a2635420f21341625361523331121311e23332e26353a283545393c3c3a4057484756434b3f363b3933380d1d2d101c2c
26405,c02b07c53007c63308d86a09e08609e38c09e48f09e58f09e58e09e48c09e48b09df8109d76f09d3750aca7206cd7e17f6e1c6adabaeada6a4fffaf5
27205,00090c221013671c1c1520280232430d495d1c5e713c738542778864909e708e9b516a7648616e4a67784a6d8434627c2d5d7527586e2354672a5b6b
27374,12211d1423201e2d2b3f57556e89868ba5a180999584989497ada88597928c9f9a8ca19d849c98667c7754676142554e3e4840181d190a110d060907
27475,6c423c947131bb9524b92929a2312b6e514687685b886c5e79564f673f40562f347d3f399c53469a4f45aa5846d17e629f48387c3026a13f2b7b2f26
27581,e6e6e9e3e4e6d1d0d0aea6a39b94928c8685807b797b74726e6967635d5a615d5e4946483e3c3d535459494b514f4f536a6a6e5e5e633c3c42484b53
27850,3d3f933d3787483c834a4a83504a8056427a4c3e7f5e5f8a6d6a93735e9588667797766978639c81588f53427c54466b654e636748443827251b1f2e
28501,806b475c3719572c1588662ed8c021ebd320d9a51cdeaf20dfbc1dd5b01bcf9822d0b616bdad139283115d482a67442470532e392a162015091e1408
29427,37402d4a533e4149394b53436e766872796e797f7583897e8c9287a3aa9ca0a896a6ae99a4ab96919a838d917685806488593f7c492e3e4021232f12
29437,cee6eaabd6d983b6bb7593996064644f44494c383e76676379615d6249515f5045827749908a567b6f596b4a4d8a66695b3d4423131a2d1b20231014
30497,fffffffffffffffffff9f8f7c8c4c3b7a187ceae7fc6a880b2a082a599829f8f7ea2947f90866d7f6b597c6351997c71ea7372ed9d9cfdfffffffcfc
31592,090a0a1313143030333f3f43292a2c3636384a4a4c3d3d3f5d5e6044454602020415150c2626131f21113d3f20464924202111000001000100000000
32575,fffffff2f0e0ede9d0e9e5cee9e4cce6e2cadcd8c3bdbaa6d4d0bbcecab3dad5c0e8e4d0e8e5d1e4e1ccfdfcf7e8e8e9c9c8c8c5c5c5efefefffffff
34016,fefefeffffffe4e6e4b8c1b0b2c3aec5c0bcc2b1abb29d96876f6c8168678f8281a09592ada9a4a6a8a5bcbdbce2e4e5d9dadae0e0dfffffffffffff
36557,6067624d504b4d504d4247441f2f2e2b41401c343512252709181c121f24202d321015180b0e10393f412e2e2e1c1f201a262b16313800252d022128
37165,236ca4578cb2b6cbd6acbfcb6c7c8c918b919b898c80686689726f998283a686859e7e799f858695888e7a77816b728083797c84655c5b4f4c514f4d
37724,fffffffffffff7f6f6cccbcbf5f5f5fffffffffffffffffffcfcfcffffffb6b6b65c5c5c81818179787b76737c5b576a585262827e8c68687d7e7c8e
37797,425ea94b66ab7d90bc8092ba5e77af7b91bc5f7fb66488bf7384ad7b7c968b7c8c8b6f7d9b5b57a15556b1636499606d7d6376628dbc5493cb4f8dc3
37799,0906040b07040c0503452d2085654c54392a472e217a543c7f59416042306246334e32264a2d225a3e2c533827482e1b4b39357684a38796b245454c
38358,ada58f6f6b556c6b5d727168706f64858479a4a29896948a8d8e85b0b1a8c8c8c1d5d5d0dbdcd7deded9d7cdcac8afaec7b0aed7d9d4d3d3ced1d0cc
38410,0a0a0a0a0a0a0a0a0a0b0b0b0f0e120e0e1211131a5360743239471110132e2f3745474f787a837274793f40432a2b30100f150a09090c0c0c0b0b0b
39538,3629193f281654371c694821563b1c47341b8e722be9bf33cca732ad8d34d2ab32cea72e7f6a2441371f6d5930745b2e775c32614d2d4e42284a4530
42188,b2bcafb2baaeb1b6abb4b7acbdbcb0cfc2abd4c1a6c2b59fb8ab98a39585736b614b423b40362d493c3350413659483c5344394d4238463f35403c33
43933,dad8cae0e0d4bdbdb3b1b2abb0b3add2d6ced5dacebec2b7a3a8969e98787a77566165445254373f43282d301c1d24161e2416181c110d0f0a050504
44048,2d0b076d3b147e421494521cc87e2bb86c20ac621c9b5d259b6128c9904ad9914fd68845b661346829169563229565255430150c0304050104070104
44833,2c364e454c5f484a545e5d638183886c727b5261746d87a086a3ba657b933c4b68778ba2899fb04a65801e35513a404c596063171a1c000000010101
44943,395b6156767985999a96a29d75807d5b6967627171717b7c6b73735661614b5858696f677a7662645d486652395a3a22412a1c422f21241b150a0907
48572,cfbe9fc3b497b6a18ab2a08dc0b39ebbae9ba4988ab5ab9bbeb19db1a490cdc5aabf9080a5403eb06058be6358b29079a28a668a5c405a3c313e312a
49018,2856503b605b334d48243b37273e3b21343220312d2c40394355503b403f1b1b1c0405040a0a0a090a0a0d0f0d0906050e0e0d080908010201010101
49797,160c14150c13130e1515161a1b21231c2625221c1e241016351a1b39221e40312b59413847322c3e302d2f21202a1c1e1e141b150d17160e18150c16
50173,a84e36b05835b05934ad5533a94c31a74831a74b31a43f2fa1342d9a2e2b9a2d2b982a29a5442fab5231a95031922927922827a1432fb76d39b86f39
50348,6f79557b84678a8e758d9281838a7c7c7f6f81847d9a917f716b606c685e62553e6958394b3e2b574833503b213a3025625e5c4c444132201b2d1205
50698,1f1310663a21a15b258b674597908073634b1d150c0602020a06040805051a100c0f0b09070505240e067c410b95642e60422c2408011b08040c0403
52067,f8f8f5cadee2b8d8e0b4d7e0c4d5d9e9e5e2f9f0eee4d2d0c6c7c9b0afaf919085847f7277644e8c6f57836f65918e8fbdc6cce2ddd7e6e1def8f7f7
56292,fce6abfbe2a0efcb84d7a667b883508c59326535175129124d2611542811612f155e2a1256200e4a1e0c951a149b2520958d86a085842c1212000000
57230,583e35634837654835583e353a2f32342b313a343c42485c4c5b7765718b677998788fae7c91ab8294ac95a1b09ca2aaa1a6a9aaafaea8aca8929b9c
59678,0b142b121c3b1821502435623446683b4d6a304a6147586a71757b636e705e676b5365733961742a5d73144667012956445a7b435477000738030521
59961,55390d5b3c0c81531da06f319968297b4f1d5b331a3b1d13000000691c18661c190000007944239a4f28a4501da95f23a15c3096512980533f9f7551
59968,de8067d93b29e3412da43427b23628e85d2ddb7c2bd7872bbd7628d48a2af19d2dea882ceb5d2db63628a53327db402ee03b265a4b5c32577ab07d6e
60308,060b0d2d2c1b7b84425b74348f9254858a418d8d468f94517586575e6f4d58644d5d6467363f4a252c352e363e1f2c2d101917222c2d192423111a17
60540,24121084432e895b4041281d844321a062307244287541286d3c24532f1b523120775033593220502d1d683c26774a286d452867352130130f040509
61791,423d2b6f5f4266563b4e3f2547351e483b263e331f372b182e2211281e0e241b0b1f1a0b0a070034342da4a4a39899989b9a995554510505000d0d03
64689,0202020000000000004141418989894545454b4b4b6c6c6c2a2a2a6969696060600f0f0f0d0c0c0e0a091a1818383a3c2124260c1011030304020202
68722,f3f2eef3f2eef2f1edcac6bf98938c8a7a6cb19382987c6d9576667d615557474069574d6053494339312e26212c27224d4a4321201c0b0b090e0e0c
71883,af981c9f8f1ea0852e9a722b89622a866b307d623572593a6d5d4265574c5e48485047454f50494c514f484f574d545c4c505846485047484f46484c
72331,2f7082477f8d44798736727f4c838f59879153798240636d2849541b313c1f2f3629393f1f2b311015190a0d100a0b0c1e0f10070303000101010000
72976,898a8a6162614c4d4c3a3b3b3c3c3c3839394343434243434e4f4e5354545d5e5d7879788d8d8da9a9a9b9b9b9a9a8a7a2a19eb2b2b2b3b3b3b3b3b3
74777,07060447140d6b27184a473c25372f374336435142505c4e5e6b5b4c55464149394f513d53503c5653415a5646666754929882b1b09a797864767a66
75780,2b352780847e616a5e0b15082723154642286167473738253e3d2b47412631261228220f2e2b1b3e3e2b50502a4e412240362026210e2a220e28200c
76341,000001452f08735b0c7e6b0c5c470c5e500a7260096c560c614a12313d26143b3d324a3b434332615a3f725d39583c1e5140237a643f8869407d5e37
76600,1212291617331a1d3c22294925253e37354a383242393746403f4b4f4851a39080cbb99eae8c6db08964967456354e541e4f6912253a131b2c0c1424
77016,3748555660676d767d747b81676f72616c6c6e7a7a757d7a79786b817b676e654b6b604260532c6f7155787962332d0f353114383b21323418252508
78997,483f4d3532473f42473a4243464a3b3d453a2e3433343935392d26513d2c4c3c3f3930432e2a41322137381a323c1730532b4288697b724e624a112e
80274,2c2825493a2b6d5538978054ae9b73b5ab968b7f6c63554337322f3d4045565f664454603e4a5339434a12181d34475624313d000001040607020302
82507,53524e7975719c9794b2aeaac3c0bdbab8b4d4d1cde4e1dee3e0dde7e5e2bbafac6f58558978767d6f6d6456545b514f453e3c767470e4e2e0f3f2f0
82695,030a1010171b2c2f2d605e5777736b847e75746d6580776f90857b796f6460574e433d37312e2a1c1b190808091c1b175246331b1611000000010101
83533,683023804632864e38aa72529e755b93705785614c7c5d4c6c5349745b51685552735d60b18a7bb49887b59383ab8f816b5d5d413a3f2e2e3c534a4e
93856,79908073887967736a5056523d47448b9a92d8e2d196aa9a748a7e748a80748f808096847e8d7f2a32280f110c635b596c67654643415b5552252221
95114,f08c37dc7d44c16857ce7250bd6559c46854ff94388d51375d3a3e633c3b663737723535793a397f37357d2d2a762b287328256d2d2c5b2b339d4850
96721,66564b85695797715ba37a5fb59577bd9f829a78617a5e4f9383799b918aab9f96cec4b7dcd3c2bfab9291735e6f4c406a433963403749312c2a2423
97370,010101020202010202020202020303040507070c0f1c23263c2f2d4b38343a3938162a330a2c3c061e2f041521030e14000307080c0f192529020405
97630,1211152826274342406b645c877a6d908277948980928b847a756f66625c5a554f33302d221e1c1e191614100e050100514f4e706f6f0a0808050201
99861,8a9aa7adb5beb6bbc1aaafb6a3a4a885848661686c434c584c516d3c45625a45554441562f38511e2d411d27363d2b36531b2141191e27252b070c14
100402,2c404635494f3d505644565b626e6b69746e68716a797d70908b787d7a6a6163596a695c6b685b636157736f61737063484f4a72797a7f86892a373d
103328,03050b1117142c402b233224253726283b292b3b2934493622322f2433352e3f40354c4d5271744c676c828f90999f9c89908f3336370c0e10161819
106845,040707120a0b0003023f4647626f7072787a868b8d8c9596828283695d5d715d5e6860614d494a493d3e4a34352c1f1f141a1a282d2f242b2c030707
112198,fdfdfdfefefefefefffffffddcd3d09d8e8d9d897e9680758e7979a99f98ab97878b776bb2a7a3fcfffff1dbdbeed2d3f2dcdcf0d0d0fcfffffaf9f9
116745,d2e9f1adc8d38daab994b4c1b9d7dfcae7ebb8d2d6b7cfd2b7c8c5bdc5bdc1baa8dac3a4f3dbb1fde8c1efe0c4c0b69f8886785c5f59404746444847
118340,070b120f18221b2f3f29445a405c743d597b4961835360764a4d60554e605349565f525e534444362e351919230407104b3e2d635039473a2c110e0c
119450,28303d37404d3e45502c30381110121010141c212a282f3c2a313d282c362628312e323a2d333c1e1e252e2f2f3d403f393c3a2e302f141616000000
122081,17090e14070c27191c301e1d553e35614c47705851aa7b74a87573a56769c48681c590928f62758d5768a67a7f8d5861663c48431e2e331020360f1e
122906,6d47299c6c4db78b6ca57657a16f519d765ca3866da28c70a268599d564b82493c723b2e844f40915b4d824e465624223c1c1c5946453116152e1010
133369,fffffff7f7f7dcdcdcf7f9f9d3c6c3977a75a99494afa09fae9f9fbaacaabeb4b28984835854544140422c2d2f1e1e200f0f1109090b06060719191a
136400,b4c0a6b6bea0b1af8abfc09f888972a1a085d2cfa9ad9c77a78d6b9c7c57867254b2a37fbaa97fa89874ab925ccea94fe0bd69e5c989e5c98ce2c689
138843,f3eae1e9e1d8bab4add1c9c1d8cfc6b4aa9f95897e857b71a0968cc5bdb4cbc3bba597896b594a5d4c3a5a4e354f412d544431614e3b413328251c16
145221,c8cbb9b3b6a5adb09ec4c5afc4c3aba8a99290917c7a796a6160556b695d787568747165c3bda6a6a08e7a756aa29b8a857f6f4f4a442e2c2c232121
146198,07070d0a09116b5d63314b622b7e986eaebd608895648b972c4b5a0e3149166c8b087c9d5597ab7262726b3d47791b256d0d1349090c120809070808
149870,028dc0008bbf219ac42d9fc5008cbf0290c32da1c868b9d180c1d375bcce73bbc77dbbc56eaeb95ba9ba50a6b166b1ae6ab6b769ba8d48b3533eaa4a
150540,2611642e4480557f9583829b8d8eab8c9baa84939c89778b7164945763828795768e9f777d94658a996c6b7b704a51714d567d3c577517366102114b
157336,1526391d3448374c5a646c6f807e7a9a8f82a9a296ccc4b6edddc6e6d2bbdbc4b0bda9998279725f64686974795462673449526c7a8339414d00030e
157547,391f1952372f654a41674b435e433b593f38644b43735a51786056735c53755e54725b525b433d4d383244312b2b171332201c3a2825230f0c160907
157849,78603e876e4e7263595655566b60536e665d5f5a584a4646715c478c74537a644b6a666867676d5a5a606156485b4a2e322517242224161618050505
158015,0d0a080e0a07463f3d5241395f4b3c4d3c3043372f362a223f2b25473530332520291e1a281f1c1e1613140f0e0e0b0a060504040303020101000000
159128,0804041b141338302d2e2523201c1c24222146403b574c475448419c8f89afa8a4958a85a39a95cbc4c2b0a6a4b5a6a2c9b4b0c2aaa8ded8d7e6e4e3
169813,373634363533383735353432403f3d41403f403f3d3f3f3d3f3e3d3c3b3a3636353635353737363432324946396c6648413d342c2c2d2e2e2e2e2e2e
177221,f9f6e5faf7e6ac9f947b6a62a39889c5b591beaa81b09e81c4b79cd2c8adad9e8a7e726653473b3f34284d45365141306550305f4c2d52482c564928
177677,586b725c686c89827fa6938acbac9dc8a290c5a798c3b2a7c9b6accabab2cbba9bcab988d0c29cbdb6aabaaea8bbaba69b8985a99692d0cbc8e8e9e6
181886,fef4eaeae1d8b9b3ace0d8cffef4e9f1e6d9cfc1b08a766258473a5d4b3e896d59caa286c0997ead8d76917663816e5e8c8176a29b92a09a919e9890
186759,fffffffbfcfba6d8e494d1e08bb3bdbfb7b2b5a59cc0ab9fc2ada3ac958993807474665e494646414245504c4b615a516753517b6154695144574237
194662,889a7e6f7760676e61686f6273775f7a7860877c619f94709d9470a49571918e6e8d8f6f88896a7d6f5a5e433a54332d6a4d475f403b4c29254c2925
198184,d3dedfcbd8d9a4b0ad7b979b7e9aa07c8b8a7b827a7a7b7466665f5857505d59534f49434c443e4c3e36442d234b291d785b506d51494c1c118a3e23
205596,170c1c2d1e2b36202d5838407957577b5e5d6f4f4f83605d9b7a757f5f5c8766647754556d4f50664a4d644d4e634832553e2c2a1f2d221825190e1e
207774,061010050f0f0813130b1f1e162d2d3a535265848384a2a1a1b9b8839e9c6c878557726f2f48451d3230132e2c233433494e4d1624240b1616090f0f
209403,88a6c887a4c686a1c17b93b6758cae7e94b466789d6f80a468799c586a8c6e7f9f7688a67081a15d6e903e4e6f465573515d7a81899b555c6d0e152a
210908,8c4e4396574d995958956766ae897c96585e98626baf797e9b6371b47b76d4a59bd89e98d17b77dea7a2d48e8bbd7575b77e87b09da7a596a09c939c
211067,131812111610181c162d2d2525251e2f2a222f2a21332f2535312725251c21231a23251d1c1e161f20171e221b2c26156c5122232015181a14191a14
212778,f9c934ec9b31e67f30e68631eea831f3c6409c7c70744f5978576373626a70616876666b7a6b737a6080b99047f6bd30df902ee48b2af2cd14f9e00e
213681,8278638a7e66b3a78ec3b79cb4a77dc1b389c3b695bfa98bc5a483d0ae92babab6afb5b7a0969d908c9b959498777f6b606d57546252313c332f3830
220289,1f0b152b10193b171f481c215d24256425256226255521245023255a2828582a2b4b282d4a2a2f563233563235513336403036373137272e361e2b35
223485,f9fefe6590a83e5b6b6663676a696e7873776962606362435a5640637c8b7f8d6d766f5762595b847674767272635e5b4f4745c6c6c5fffffffdfcfc
228150,596b6b989a4fa2a0499b9b519ea591bec4ceaeb2b68d8f936b6e6f484a4b4b50524c5152484d4a5256513b3e3a3234301e1f1d1416141517150a0907
228967,f3602fbc63397b5438a6784eb0845bca8f67c4876dcda28b6a5b55696a69f5f4f2d38885d8bec2cfbb90e89930d07f3fa9492da25337af3b2cd53226
241258,2b0e0b621d161d0b090d06051f12112113121c0e0c291511351a153719144a2119471e173e1814421814491d152b120e150a07080402020101000000
244772,4d9ac05fa6ca85b8d58dbcd38bc5de76b0ca719caf8dacb899b5be9ec1cea2b2b59c9891a49286807775716d715f555e4c4652413c45684d4a674c49
244786,07090b080b0c090c0d060c0e2f0f134b11151410130910120c10130c10141d242b4f5862252b342e3139191a1f08060b040407090c100d12160d1216
245891,87b0b689b6bc79abb55d93a0458393256277194f654d808d7aa6ac51828c1a55632d626e3668733166733c6e7a3f727d41727d3d687321414d102e3a
252171,e90303ae0000a71616d957579d24247b09097705057002026401025d01015601014a0000801919941f209406078208087707084d04042b01012b0101
252178,fffff8b2aea86f645c8f86748e7b5fa99c7a9e9179918070967f6f9d7c6db58770ad806b9e79689d7464c78a68cd9872b5856ed7cac1f1f2e7ebe8dd
252511,5aabbc5f9196668b82557867556f57627d6e58726160786a53725a4c64524456445f684e606754646b625b61586b6c69585e564f5b545b6454959489
256274,520c0c723232967f7e9274748f747458171757111254111173181762151397221ae03223d93021e33222e63422e63322e73323e63423ed3523ee3523
259693,0000000000000202020a0b0c0c12130c18180e1e1f2e4040586b6d4f61644d5b5e4d5b5e2c424512292c1226290511120e1215232527121414020202
270303,050607060708080a0c0a0c0f0c0e100f111311131614161a17191d1f212322272930302c1b1511080807020000081c240f43550b2630010000000101
270487,f2ece0ad91839d705bb17d68a87461ccb5a7e7c3c1da959bd9949ad4828bd27f89dca2a5cd8c91d2aca9ebe5d8dbd2c5e2dbcfe3ddd2e8e1d6e6ded2
271110,33070a351216441a1d3d343f3e4b5d4852625a5f6c60636d807f8575737a545f6d565d6b6e6f785355624b4a59484a5838374527192012090d040203
273481,e2d5bbd6cbb49a8e7b8f7f6d917e6d816e617c65558d735f816b578876658e817392887a9f8d7b8b796a5c544c847c6fbcb3a15a564db9ae99e1d4b9
281338,5c5c5c3d3a3d3b3839433c3b63534c69544b4c3d3952443f473d3a423a38413937403837322e2d582326681b226e151d7b172163131c67121b220b10
283995,614366925d679c6065915a65a863659e5e5e8b434a9360637045456b3e36794936784b3b724834854b387c3e3f5e486155738f46536d362240151a4f
284054,0a1c421d304f425262546068424f58454c564c5d6a5d6a704d545749555e3b4a54576b6d60757c42515c2a3c4a313b463a424a2826260b0807000000
284303,5503034903043f03044803044e03045b03045503046a04058205068702039a0203a903048805057400008f4949b18e8e8b5252c4a9a9997070470101
290250,f9edd2fef7dde3a579c88e52c7a06ec59e6ca68d749e8b7ea1958da69a919f8f82988a80706a67636266645f5f6f63597865537d61528a868083817b
291356,8f8779918777928a789f6b5aa35242a45949a553439a8976998e7c93816b90765f8a7866867461806d5a7a69567e6a5568554166584a65594d655649
293670,1112260f10241a1b2f404156173c6f2d70a71e5588162c45131f36132a491837581421341019291a1622431f205e2620511f213b1b2321141e15101a
293970,170c085627349f4b5da55441b28555a27260571f33612e33955d5097584f95544789504b945d54945b4e84514f8e645d9a7466604c433225211a0c0b
294963,a09a869b96837b7566a2896ec7a27bbea179c3aa83a497774d483a6f6358a5978ebf874fc8893a83562c73522f7b58316845263a2821382722332420
295964,c7c5a8c2be9ab2ad8e98917aac9e81ab9c80b2a386a99871a4926fb4a489d3cebad9d8cdd5d5cac7c3b4bfb3a2a28d7a946e4e9d6b388b623c8c7964
296065,60635666675a77786c575850585a52686b6275796ea3a698b9bbaebfc2b7b8bcafbabeb2c3c5bbb4aea7c2b2adc6a6a3bfaca8c9cac3d2d5cecacdc5
297608,6a14178e1c219c1f249f1f249b1f24971e239b1e237e191c5e14168b1d209e4b4e905153650f11570f116011137014186612145e11135d10134c0e0f
299245,010101010101000000000000060202070303230908601a14631611410e0b280a08210807230808220c0a2a0c0b430d0d450c0d190405000000010000
299534,160c3e2b1b6239256550327567408b56317863396b6538586d3a5c6232675f386b6843706c436675406a7b32686d4487442a6722133a02021502020b
299536,082c52242e50593e518a50468e4f3e92473e994e4d9a5755a15f518d4e4a6f383c773f4374363d682936561f2c7d40258e5d284936200a060f05030f
299537,64212d9c5a59a97268a77a6fb46e58b86d6a9f5b7a985e6b7c63736b566c815f6f86657c895a6b9a5f658360706a5b6d806774a558506b201f0e0609
300668,03020f060818070c1d060f210812280e1e371425431728491d3458324a6d3d587d4c61835e739560799d54739a4662861a2b452b3037272729000002
301528,1517341619443c43585665615b5c6782666f8c868ea68b91ae818b9b696c97625d88716b77706775665f6c565c65545f58464b453b3e1c1c28121826
301804,de0102c403049f04048c0405970507790405540507840708cf0304d60203a804058a03049205067a0607a40707c40506d10405ba0607d40304df0101
306947,1d0c1f1e0d1e270e1b3c161a411c1e2b0f1a200c1c1f0d1f2111233224341f0e21220d1d200c1e1f0c1e481e2046191c46181b3d0f152f0d19250b1c
310131,0000000000000000000c0c0c1515150101010000000101010000000f0e0d332f2c1c1917161413161412221e1c1f1c1a1b1715191614161412151311
312221,1313133939399595958888888888883030303434342f2f2f2828283535343334342d2b294a403b454240393634514e4c4d4a49504d4d464645393939
313922,2a43433359513e6e5e4a7c695d8f785a8a7837585424363a273a3d223238284a46345a555b7e7e567a79445d6052797942636327353a1a16211a1420
314365,fbfafaf9f9f8f2f1efe1e0dcd4d1cbbcb7ae9a9486797269847f796a665b29291e2a2a252022220f131815191e10141b413827635130201c1907080f
316029,1d2559233979325a9046729e49749f5270975f6c935064954c618f505d7f4e4e7653456941476e2d5082202f571817263b3c40454548353539000002
318846,f7f8f57a6a7e655066827986727b824d596176848b98857d634a428f7974a18c6c88663479694dc9c7bcc4c0b19f9e99afaeaccfc7b8d9cebce0ddd8
324552,0607090b0c1013151a1b1c202d292c3c393b2c2c2f24262b33323633343723232722222519191c0c0d110f080b1c1518211e22090608050608070709
329010,0508071d0b0b2c0e0e100909181613443933584c445246402e27233e3631594e4770635b71645d7166608378727d706a3e3530372d2a251f1f131010
330457,000c5110266b778db0788fb3345a9d5080bb6c86ae7e768c8a7e9772739576749190879b939eb98592b17c8db37e8eb37b89ad7e90b86081bb3b6bbf
331482,2f362242492d574833674d3b745243654a3e4f4a4a4a4e544842423d322f31292429252128252313141418201f202727313634202523080d0e060b0b
332562,f8f7f6f7f6f6f3f3eff7f6f1eee9dbe7e1d2eeebe2e5e2d8d3cbb8afa69687848271706d8685827d7c796c6b686867645857544a49462e2d2a171613
333339,5d5e8f6f6c938b7e9e927f9e7766887e6e8a6d5e7d655375826c8687769093889f998da8a095adb7a8c6a78dbe8378a8827ea9696bb7121272040444
334394,5c575116141a2820233a25243824243724263827292b252a21282e2c3b40263138232b32242a3223252d1c1d263d24275a2c2a33242713131a635e57
334536,0a0a0a07070820201f4443416867646a696564646147474453534f83817d6867644949463a3a371f1f1d08090a140f0f3118172f1a17181714141412
337401,c7d4d4aaa9a88582838a7b79907773867472786e6f796a6e87767b9f9192ad9d9f967f847864646c6568655f6351494e56383d3f2f371d303e213e4f
339148,1d1a0a4027103c281453331d71482d7d4e3676462e5f4729684b2d7452307e552f814e2a64381799826e9d938a7b756c2c2a1d040400010201010100
339547,061a1d0b2528103235395b5a6b857f6d86815c76706c81779da899b6b197b19d7a8e826c5055462c332b1c1f1b2c221e362b281c0c0a170402250503
345940,126079247388408fa145859640798a2766791e5d73144d660d415f457d4f91c34190ba413b695312496514557222637d326a81376d81194d67063253
346364,1515151313130e0f0f1711112110101d0d0d180c0d0d0b0b2118171a14131816101d190f2e2716332b16342c17201e160e0f11272826525251626260
346385,0507060507060507060507060507060507060507060507060507060506062415133a2d2b5451503b39385a5653514d4b5654533939382525251a1a1a
346648,af554c873f2e753a2475462b704b3677553d73533975543861412b5a504b5f686d4b565f6a6a687b776f5e5247363130403a29746333171e251b1f23
346698,27c2fc31bdf9839ae4bd98dbd47fd49a65d539c6fd49cafd51d2fe79d9f0b2dad8d2d2c2e0cab2e4aa98ecbccbfdc5e2f3bed6e6cbd8e8b4cbed96c0
347392,040d300a13341920366859438d593f9d4c40a45948a0493dae7956a1795b824b56704361483f57524b5a4d4f605055675e6679898d99d2d8d6f3f9ee
349067,0b0f0e0b100e1219171017150c1210101715141c19141c19141b19121a17151d1b1e2624333a38313835393f3d2b2b291f26221b2a2517242115211e
353081,e3c2bde6c8beebdbd0f0e7dfded0c7a68780aa9290a88e8cb39997a1868290706c795e62644d5d624855764f5b926770a171749e6265a66c6db67d7f
355193,113d460f36402a484d596b6b6e7675545e5e344344394a4a2d3e4216252b0d1c230a191e2235382f5154336265457c7d5897973f7878163b3a0b1b19
356191,b9c3c1bfc9c7c6cfcec3ccccbbc5c4b4bebcb4bdbbb6bfbcb5bfbcb1b8b3aeb4b0abb1aca3a7a19da39e999f9a969d98979f9a99a29e96a09b8e9893
359246,6c4a394d20186a534181705d6756444d3a2c4a392f4b3b30473a2e4b3b304e201946120e4e18118e5744b17859bd956cc0aa8db4917bb09e83846f53
359724,e3e8e2e3e8e2e3e8e2e3e8e2e3e8e2e3e8e2e3e8e2e3e8e2e3e8e2e3e8e2e5eae5dfdfdbcbbbb7d5d7d7b1b7be9dadb791a2aa90989f676c6e4b4d4b
359940,05060d1412181e1920201c2214172123232c323136343338232a3537373e4c46494f4a4d524e535a4f525b4b4b68473c7043352c22161613050b0b05
361292,0702021d05062606074c0a0c6811145110126210126d10147012156821205d242042191433141148070a61292b312d2b0f08073e0407251010161211
361743,7da1ab92b0b5a4ab9ec3b493dabc8a937b536757406a5f496a61496e674f7270606d6658907d657c664c75695788857a8e8e89bfbaaab3a88fa09681
362826,32375046475b5351624344592728421d223e20223d24243d31304625233a27243c201d371d1c341f1f37171731191b341418320d10290b0e26090c22
365620,393633544c45806d60947c6c78665a4a3f39624f435d4b405d4c415e544d514f4c3b393757413b30221f1011102c1715450c0c0f0b0b0a0b0b0b0b0b
370172,1f1c1c3e332e63544d9f8f88aa9b949a908c7c7b7a6363625251514948484140401919192a272550463c564a3c706b62726e676e6a635c5c5c635e5c
371560,0505050707071b1b1a1f1e1e1515151d1c1c2928291211112d2c2c4846473c393c2b27292b23292320221d1c1c0d0d0e0a0b0a0c0c0c090909060606
372058,0d5aa71a6ab12678bb267dc02d7fbd3e95cb369cd545addf35afe232b6e758bce176bad790bed48cabc18bb8c993b0ad5e7768536c66255b6c164a5c
373226,02161c021c22072d3a082532091b240a202a0c26340a2434052132191e2824212b251e2b10181f14242807131a011e33242b322c2828010202000000
373571,3390aa1761770d5971187c9813779310728d0c68830d627b0c51670b4c610a4c62094b61104d611142550e45531597a2139ba4188b9118575e061217
375366,a0a19d87837992938eb7b7b2b2b1abadaba8a7a8a6a9a8a7b2aba6e4e3ded6c6bee1d7d1f6f9f9d8d5d5989f98606d624d5449434a404f56475f6651
376570,3034323638363336353334344445444a4b4c4042443c3e424c4c504f4f534141463d3d4037373a32313531313529292e3f3f424b4b4d373739121215
376660,feebaff7da87ecc05ee0ac3bbd9036997940a2825379633736220c42270b4c3e3065594aa29754cfc653cdc255c2b648c8bb60d8c59a9d8d7a564e3d
376867,6d6b996663925e5a895d5b88484c7447486f524f7a6b6e9859678f5c6f965a6e94586c904f66885473924e6c8d3c54793b54775d7898342f592b1946
378018,5c5f62383e422c31360f161c141b20182025252d3539404944484e34393f3134395b55558078757f78779e9592a29e9c80777b564e59121b235a5f63
391710,2f33712e3474505b855d6b87333d7a2e3a7f3941765353755c5b786761697a6b626a5b54454045403e525f5f724a5661414c54424c5241494c3b4144
391713,b9b5abdac6c2c69089d2b2afd8d5d2bd9f969f7f78977770956f688d6e6686675f8c6a61936e65a68275a87558a5755b99786c8f6d5e8d6a59785a46
393519,ad79338b5b38814a37a5592fc5742add8426e58c24d07a27dd7d24f59d22f1a124ed9e25e99225d96726da6e27db932b9b8137854d355f2c3b3c1f43
394537,7e4f3c683a29592c1d5e3121613120764f3c927a648d685185573f916d52937053926347905c42946649a0775995664c96694fa1755aa57b5ebc9476
395834,424e5e4e5a6c6c78895765755665766976865e6b795d6976636f7d4e5b6b3745562433431524360f1e31172537313d4d2a37490c1c310c1c300b1a2c
396371,1f2c36283a452235402a333c3e434b3b3e462f353f2a2d392224312028361e2938192232232735312e3a060d1a19293e272a3807101b10233e101120
397243,aba1a0a199986f696b4341424846486360605d5a5d565458636365605e6140414633353b3b3e426d6e71e8e8e8fefefbeaeae8ededebf0f0eefcfcfa
397514,1a1f2b282f3b1f2d381c2d3a3247513d4f583e4a523d4a52434c504551563e4b502a353921282b2e383b374144363a3c393a3c2b2a2c100e110f1216
398818,0168b40068b50f6eac2e7d983c828f2f7c971871a5076ab00068b5036ab519659d3462873e607d2d4e6b30506a636a77736f724f4c5338353b322d32
399170,dbdbc6dfddcaa0a0938b8b828c8c8186867976756c9a8f5d8881586159386455354b483e5c5c506a6a5d6a6a5e76796bd7b97eda917cdedbc9dcdbc7
399361,e0dfdfe7e7e7d3d1d1c0b8b57b79793e3e3e3938362d2d2a3a3f354e574658664a30371dafaeade5e8e2abb2a7a7a7a6aeb5ad788077a4a4a4e5e6e5
399566,53594e5f6c5d72847088947d918971a58169bb856cbc8364937a623a444a9d84669677545c4a3b5a3d32492e274129243c24212a1c1b241f1e1c1818
399579,c1c0bcb1b4b37f949e596c7881888d92969796918e8d95956f7b82676d755c69744653624b5e6d3955653d505b4260722b495a0d2b3f082a4108263b
400535,e9d9c48e82758e8376e2cfbac5ad98d3baa3c9ac95a37b649f704db87949b5774988553a784c3b805543ae7b5abc8a67c49b7ae2d2b3dbcdb6d8cab5
401905,0b1a27121d2430322a373b3137443b2538380c29332220264533345937343d20184937235f4b2e5e472b816f498675474c3c26342f25191b1d2d201d
402897,f2f3f3f1eaeae6b1b4b67373ae8d7bc99582c17b6b905d557b665f736159474541594b48694a3e919189f4b3bddf6a79e16678e33c54ebafb8f3fffd
409297,19141b1e161c22171d271b20271920281f2530212334232639292a3e2c2b422c27432a2241271c361c15271312190c1013090f0d060e0b040c0a050c
409617,d8dbcadcddcbe2e2cfe2dac8c8a093c08f84cea99af2ead5f5f0daf3ecd5ece2c5d7c599caa77bc6a079bb9978b39175a9856e997967937364866960
414419,6d4f35674d36573f2f543d305f463470513486633ca18054a2835ba7885fb59871b3956b926d42a9895da9855f4e29175d490e605b105324091b0003
414906,3c0d045a1607711e0985280a9a390daf4c198d421c7937158a3d199f4c22c36627dc8d3ae3a857d6a55dae6a3183442041140a370d080d0303000101
418078,00000800000800000800000802030a05050c00000902020a06060c0f0f1404050a09090f1411162925283d3a3b4b48434e4a424e4b425d5d5453544d
419430,8e8e8e8c8c8c8484848484848787878686868888888080807e7e7e848484b4b4b4afafafa8a8a89090905454544c4c4c3838383f3f3f454545484848
419479,cb3f87c63d7dc2346fc32667ac215eac3f89bb3783bb175baa2258af2259a6184f9a16479d194a9c234e9e1a46a12f57bc8a9d98576f59092a4b0b27
419704,3a3c52343c51494f6247546736465a414a5c514d5f4f4c634d4e6b4d51715350775c3c638c6276a37375af7661ac76509e77479072499a7b52a07950
420634,0100000c0b0d3c393c62595a535c5e47454739292c3f2b2c382020351e1e432d2a4d36334d3f3d574d4c553d3a481a183c0e0d6761601e1e1e000000
424121,afaba2a29d9789878387837f85837f7c7b77908e89908f8a92918d94938f99989397928d98857f9c7e7588726b7c6b6777666063605c3b3b3a171716
424277,20393f244146213b4024454b325b614c757944696c3956563542382f3c35303b34232a29232f3427343a1d272b0e1e26403c227e6221181e1b0e181d
426063,0e0f1422272f5359622e31360d0f1214171923242738393b3738393838392a2b2c1c1d1f272a2c1b1f222e3031535453474747202021060607020203
428449,1112101415121718161c1c1a1f201d2729263233303b3d3b3f413e3a3d3a3e413f474b49474a484447453d413e383b392e312f2326241b1e1d161919
428948,0b0d0e05060624272a60676c7b8489a4abb6ebeef2fdfcfccececedfe0e0f3f4f7a6abb1595d624e50553a3c412d303545474aa5a6adebecf0fffffe
429351,6474816f7c8671787c7874728a80787a7169736c647f79706b615570615173635364584d4e47423b39372221206464635e5e5d151513202020212020
429617,0b3e62154d714d7d99949aa59c898a987a7597766f7b5a56665957414b4d3942473b4043434443393a3d2d39442734445b362b302d37162338050e1e
429733,d81117dc1117cb1015bb2122b83631b3302db45854a55c5a8e4444873b3c863c3b7c332f581f1c320806715858aa9f9f9d96969b97974f4747010000
429742,7d0d2885102b690d22690c22630b204609183e091621050c10030717060a410e1917060b0f03081f050d27060f25060e2e070f450a17610d1e550a19
433249,205b6c2c73863a87984191a44ca2b55fbaca63afbb79b2b973adb6589fac317f8f1c5d6d154c592654602e5760193e48133e4c0f2e3909181f09181e
433808,989899a4a4a58a8a8b676767515151434343424242444444181818252121201d1d0a0b0b3838386a696a797978a7a7a4babab8cdcccbc5c4c3c1c1be
437586,8a8f9b8b909c9699a29da0a7a0a5aba0a0a3858484857a758c7d749685798a7e7798908a9b918895877b877364583d2c472d1e4b362b594235503626
438145,095762184b5126525232554b4a583e605a3a5a52326f572c7555237156218c6d2bb2893edfad5ccb8538a64a16a5411e865449500a08440505290304
438631,493c2f45372850402b58452e624d3566543f56493c524a3e675945816b4f705d467562497971655d55484f44343635352d2d30262327100e1306060a
438736,5e382f744a3c9a6e55b39171bfa07ec4ab8aab8d7a9067595e38315a3b326b493e623a335f393344271f440f0d470c0c391210331c1b361d1d351f1d
441701,000000000000000000000000000000130405100304000000010000000000100a09281b18261b183c2f2a46373056423a5f494154433e423531372b28
443791,010101030404070c0c1018170507070202020101010707071418160202020303030404040505050b1115253b411f3639031a1f1a434813545904363c
445571,20435541606e758c96748b967e95a060768247545e62636792857f96847d776b6c504d564544504a4b593e414f424a5550545d596771788e9995959f
447332,09080c0a090e11131714191c151c1d1a22221c25251b25261d26271f292a243030212b2b212e2f2633323e47402c2f2e100f131f212321222508080d
447365,3611785c1d73992d6ad24386ea657dc2756989676d6a54697f686d8a525c5d2841503f504c3f526d6873bebdc2d5d5d98b8a989f9ea9bebdc5f3f2f4
447404,12151e161f2f1d3351404a3b76712d36392a2525305a4341987d52a88b3f9b7a26997a3899712d90611e87592286602c6e4b285c3113532c133b2117
449406,4062bd4b62bd5057c26c5bc57257c18662acb6829bd09e99b08570827f608a7f7f696d7a606d717a6b5877565273545153413633222234262e1c161f
449443,06070a0c0d1325181f51282d5c363a3d3f423d414445494e4f54575a5f63666b6f7175796a6e7274777a7b8083a58b8dbf8d90ceb8b9d1cecdd3d7d6
453395,5551587b66697763667d6264a06563c36d6cd59c95c6958ca7706b754544412a2d241c1f1e1315271010170a09191010313230490f0f720a0c311012
454626,204da6234f9a637da7959397968b96846a7b996477887ca27478af8f98bd959fb999a6c185a5cd6f83a143435c3334561e2d841e287a724d57422618
455839,171c214b717b8bafb799a8a575807a50524c6b6964554c416358488d7b4b93731d895d1674471d634122523c213e39213338163d432f2c2f2b20201e
457335,3a5c9a557f80879c628ca3666797934d8ab34b6b9c5d688e4b5b80685a806965863b6690476e963a57803b507a324f782f486b1f3c5f1f36582c2c4c
458156,bd5cc0c162b4cd76b3c77ba7c07e97c47d8cd27f79d66f53d7543cdf583cbc4c48bf4649e84d40ec322ef22f26f53b20f8401afa4218fa4718fb4b17
458305,4666732863741d8b9f4586933a717e43798467787e7a7a7a8f7d768579716e706f5b5d6164646557616550565c3638405f5c2a6662271f1f1e202021
458723,01010301020608060a2b1e1e413030302220291e1d3c2b2a2a1e1d1f16172317163b1a19581e1e5c1c1f5c1a1f5f212969273061292f48151c35050b
458969,023a5d003d601345653a4c692e55703b6f84507987577d8386a6a5aba09c9b817e94786c836a5d8d675d6f48448163618a6a6471594f4b4440363230
459992,928882ad9e93bfa99ab29585c5a694ba9380a37d718a6d66716267796f785f5666585a7d6c6b777d828b626a779198a36a7f9458748c6b7d8c7e8689
460885,57228a7d30887d2e744c175a4f0d46660f447e104c840e4b971742a01a3a9d1934971e368e2236851d2d952d38a6252a9b0b148f0b1586060d690308
463088,4d3c294a3a254a3c2543372150402959462e5341294c3b25473826443625453928483c2c392f222f261a231c12433b31575147534b412215042d1f08
463684,9e9c97898884bfbcbab7b6b2b2aea9ded5d0d0bcb8c9a7a4c39c9ac39b99c6a5a3c29e9bc3a8a5c2b3b0cac0bb7c78749e9693b8aeaba49c989b9390
466272,de867ac93528d15946d56f51cb7754b6704ea76645b9744fac71567a5d51745548745e4d665d39867f6a89806e9f9987b09985b8a493d3c9bff0e6dd
466565,6d6e7f7576897375885e637651576d5c617388888c3e475225313c2d394143494a42434022222125211f27211d1b17141314150c11140c13140d1314
467012,293c392d423e3b514d6a7d7a687c785d736e536a66455f5a4b655f465f5a364b472d3e3c374c493548452c3d3a36494542554f4f625a485b55485d57
467239,c4ac58c8ae59cab05ac9a859b792519b7b4fa77e50bb884aae844ca8834c6e5b3d44403c463f3633342f2b312f1d27261822221722220d18190b1617
467909,c7b1a3c8b5aab2abb6a2a3b2a799a4bb8474b8745c8d574f925e597f5f6372595d795757795f5f725153855555864b4d62343a522a383f223041232c
468362,0302010603020c0604190d074128146341266f4b3059341e28140b1a0c07180b07170a06170a071006050801012f2923363027060504010000020101
470229,dfe0dd3d4d535561616c6c6b525c583e46433b4340404843414240423c393832302423253921236721225f20205c1f20412021201e1e26292ae0deda
473033,0505050000001f1f1f4848460101020404040404040404040404040404040101011414133534302b29273533302a2926252421211f1d201f1e1e1e1c
473465,fefdfdffffffe9c9c8d69594f2e8e7d8d9d6a9a6a286807b6057535e524c6b5e57615853766f6c958d89a49f9d7c7c7bd9d9d7f8f8f7fdfdfdfefefe
474051,8213168413167916176d2121752928591c1c5f27275b24235d2626885a5a7e51515a24245d26265b21216327266a20207e20209b24249a24249a2424
474350,5f151967171b6c1a1e71202473262b7b31378340477c404574353a7a3337782b3072272a6f2b30612f344a181c3f161a2f121421101110090a0a0707
475557,8681678d896c979272a29d7ba29e7ba09a7b999378958f778e826a81644e6f4e3b745447765e4e6c61504e49374135295a4f4a6359553c2e2a20100d
476299,281f214c43446a61617e7474887d7c4d413e5143418778759e8d8d846668836d6c6b53565e46485d52503b3333150e0f1d1819282425060405030303
480157,0c1c39222d3d584b4866483f6d5046484c494a635f586d6b839685a4b69a6c80786577713f4851333b4637363e402c2e63392a483630323839363a38
480414,62221456180e6a2d1d83563e937b5d938c6b9292708287677578606264514f5646465043424e42555f512831250b110c100f0e2827270f0d0d100704
481375,0812160711160811150f191a1c23222227262025261f26253538363a3a392e302f1b20201f2424131c20091c240818200a242f0c34440b2633081e28
489430,1d1a192f28242d2829282327322a2f2d292a282625312825453a324238314034326a676f594c474c403a54423a5d443448372b32241f1e110f120908
492188,e9dfc6eee4cbe2d7be7d614a6346356b52437c60517a5d4e695143523d3149352c5541354f3a2e5e3e32846050dacab4e5dcc7a29a8ecac1b0ece1cc
492565,49576c31394386485a984d64433e48383b43413e4476727e7975806f6c786b6871615c64595257524844584c48463b3928211f1e1816231b1a251d1d
493529,5840566c475767444a74575d86666c80585a90736969574f6b4e49604443623f417b4f5a9e6f6fa1726696695866372e722c266c322d472d2d280808
493922,1b1c201b1c211e1f221f202324252824272b2024281d22261d242a21262d22252b2022251e212322222235302c3f3a314a47422a29271a1c1c14181a
496743,1312312715333c19356d334785404d924f579c58609a525c99505ca65f64854d5b6f3547733443a0545bc05456cc6f65d99878d76d5790363c38172e
497698,1c02023302035211116c2321662021471a203d0f143b0d113910112c0e10350d1048080a5007094d0708440507380405815c5c5d4747070000070202
500682,436270808f88939a8aadae989e98858c7c6bac9880918b7f6a69695c5d5f5355594b4e52282b391d202d16151d424145706f70100f1714131b121119
502137,ebf1ecdcecd6abd8989ecd9b9bca99afd7a3c4e1b4c2e2b3c1e2b0c1e2b0c2e3b1c2e2b1b9d8adb8d8aebbdab2cce4c5d2e7cad6e9d0f0f6f2f0f6f2
503736,42245872408894486ebb4464cb5469d38077c1767ca5516f803863662065652b744e2f6531495a1b4e51192b33130f1b160b1c675e323d382303020f
503919,1212121313131212121515151515151414140f0f0f1c1c1c7373734242421c1c1c2b2b2b3b3b3b3030302222221414140f0f0f303030121212040404
504172,0403030909090e0e0f1615162422223a36353f3a384943425f58566d66647a74718c8684a09c9aa6a09e52453d3028221a13102725254040400c0c0c
504949,0a090a211e1d2c2827201d1d2424244a4a4a2b2b2b1111111010101b1b1b1c1c1c111011201f1e2621211a15161714140c0b0c090909050505020202
508642,0d0d0d0d0d0d0e0d0d0f0e0f1310112e292e4b4448504846514a4a3833352c272a342f3437353f2320291a16195250505452523939380e0e0e0d0d0d
508883,a6d0bf94a993b1af91b8b6928c886e6261535f605569695d7d78668d85698c8b70a8a483bdac81ac9f7689896e7a815a6d753f787b4e535c33555f41
509967,4e8bba6a9bc0859eaf9b9f9bad9d8abc9e82cba17abd9766a7875c8d715187725163523a4d402b393222262019201a161d181431302d1514120e0e0b
510388,2a1027521c379b4d45bf7844d2804ae03462b83f59784645b97a53ac645398534e89524a7b4e496c42436946486e5956716564848283687c8942566f
510498,6d3a3177443a6a2a1c7330217535267541348c7b76ada09e8877737e6c687d5e57805d548e6c648f625796665aa57c729e756d6d514c40231e3f211d
512199,167e781a827825877c2e8f8132786b3b7b6c51a08c6aa48f81ac948db196899c8491927c8a8f767e867079816d818977747d6c51665f21574e235a4f
513045,84a9c192aab996a9b3a1b2b880a0ae627f8593914d8e8c49918f4b77753f373b3f2e333c2d363f31363e292f381c232e1c2430262d37282b332e353c
513434,dea91e72511b8d6720c796228b65187a591a976d1aebb61fb58d27a07927a97728ac782fa77c418f6f4a6b523681644073552d6d512b7f5c2e86662a
513576,fced54fdf550f7cd6bed759de76d98c5a67762b04d7994547c8d577d98639cac6c95a8696ca668738a85c0494ac0514fab616662acc640c5ef37cdfe
514847,9d441f35150db1481f702d142e19137b3c23a04c26cf6b3cc662339e431db04e23b55023b34b1eb74b1bbe5120b94e1dc15624d16733ba5d33bf5121
516329,09090b0a0b0c26101120121116150e2b261b362f242c221942352a473b2f3f35284237203b2f1c302412302413241e1a1814110e0e0c0a0b0b060708
516632,0303030303030303030404040101012222224141414040403838382b2b2b0d0d0d0a0a0a0a0a0a0a0a0a0909090a0a0a0b0b0b080808020202020202
520023,08080808080a201a1e2a242b353140382b41252436322c352b27272f3a3f3b464e3d3f3f3133351614151f1d262a302c172b2e1e0f2b13240c0a0c09
520172,d8c9a9dbc8a3cc954bb97b4cab734f8a63489a72567f56428f6057986e57c59b50dbcbaed0c6b1b3a894bcb19de4d9c2edddbfd9cba56a58407f4932
522162,e6e5d660707659696b5a6c696a817970817b79867c9c9e8bada995b0a897b8aa97ad927ea28b749283736e6e6f6473779da9a2b8bfba92a0a1d3d5ca
522627,fdfdfbf7f5efe3ddcdf2f0e9fdfefed5cbc6c0aaa06a57543e2f334334363f30363e3441453c473a3a4869676e878389918d91a6a0a2efededffffff
522931,fdba2ecb9c44a9874d76542a624524cf9434ffc64bc78f3eb77838a866316e351e572c1b5229175427175c261774301b92411eb25823cc6f27d8762a
523172,d6e0edd6bdc9d8b5bf989a9db1abacdbcfcfe2d3d1cabab9b09893b8948bb691869b7166a67a6fbd9e94c7ada6d0bcb8d6c6c3e0d1ccdbcdcacdbebe
523593,120f115b58566a676463616138363b383239493f474c4b555b565e75656972605f654c434f3f3d41353c40363a4c3c4450414c4d414b4f434e4d434d
523607,0000000201010b06053f2b1e462d2052311f6147375e4a3d51382c2618152f231d301c1523130e0b07060200021a170d453b1a292413000001000000
523638,4314193f161a493428514e35396542462e29674e486051495c413b74564f5c393441343038332e5135305f25254c1c1d650e134f10173a151c34161d
524348,e4e5e7d4d5d7cbccced5d6d8cdced0cacbcdc7c9cbc1c2c4bebfc1b3b4b6aeafb1bbbbbdb4b5b7b4b4b6b7b8bac4c7c9a69d9e927779d8dadedadadf
528213,3b3d3c3a3c3b3132313233336f706f6c6f6f3d392f2c2b26272929282a2920212121222022221f1d1d1b1719184c3b28a56b378c64415e4b37372719
529203,1780ce3885aca7a9578b9a6a7aa37f43a7c6499ab77e8d8884aa9899c29396ab757f8f74828c7175746b636071646d796575765f6f84394e5d448880
530254,23241f2a2720272018291d143222153e2c1f5a3f2f72513c7b5f44725c436f59435d4a3a4c3d303e342622201a1818172525231d1e1d131515060707
530385,807b48887b418267318e693c7b623581633689613aac7e54cb9161c98354d29163c88d60b9895fbe9168b2926e877f667074608d8673786c53695f40
530915,95a0a6aab5b96c757d3f4753656b737d706db39981aba394828a8d676d6d5d62604e524d4444402f302e272829363a3c41474c383d432f323827292f
531428,b4dac7b2dac7b2dac7bbdecdc4e2d3b7dccac1e0d1c2e0d1b8dccbbddfcebcdeccb9dcc9bdddc7b9d0bba3b9a88da39352605a404a45706b55b19664
531509,f3e4dcf2ded1d7c0b5bf9f93c79e8cc2927ca977697e5e5c77585c7a5e66503c4b9f979effffffdcdee0c1c4c9fffffff7f8f8a58474b57c62a66f5c
532973,211f213231332524261c1b1c2524262d2d2e2626272423242e2c2d2422233432333a3435463b3c3628290603030f0000392a2b332424110303050001
535581,636f787c888f8e989f808a956e798167757c69797e616e735e676d6c74797d7d7e8b8c8b9594918b8483665b636c636e7b344139172310141f0b0c13
537347,2533375a5e4ca0956a9f986c7d7d5d6c694e6d6e557968515f51406c614e45463d1c21212f2f2531372e2e33273d3f2f958d6f8a7850463c2829251c
537788,25494929494e2a49552d4c5f394e694e4d73404c7c4b4d83524a88444489614d9479579c5f579a3c4d9337498e4d68973e68902e68890a627c036874
538207,f7f4efa29687867969877968817566675f535f574e473e353229225217146612105217154d25206d201c541f1c362a21312b22332c24362f272a251e
538858,0204060e05070c04060205080f101416171c2425292b2d302d2e3235363a2a2b2e2a2b2d2425282526292f32333235353838391a1a1a0a0a0a070707
539364,24263e18263e3e243c7029403f324760404c773f4b7c434e8346538c4354803a4e75394a7842536043574031484b334b57445269495b2c2d4b052c43
539892,0f30311134364c67683455561d4848315d593d66623d635f385956405f5c3756531e3d3a253f372a433a2a453d233c35465d532f463e010d0d030d0d
545609,3d3b3b544d4b7167627268617367626f6863737170625f5e48454444413f4c4b4a4b4b4a3b373623201e1717170b0b0b272828595b5b02040507090b
545611,87594e946a628055568f5452ae7267b586759776657977846e6a836b68837e7a8da08b8796766d95614e84574f7e5256805f65774f5872585d684b4f
546554,171207140f0a251d11654f1a8b6e196b521b44331867501c8d6533926444844038732b26662828512c2a461e1b4114123f120d5510092c0604140301
547565,0c0707120606200809301314150c0e0c0c0e0a0c0e26282a5254561c24271b20211b1b1c191e202023251c17190b06070a080913131517181a100f11
548473,040a2c121a415f6382736f92675b8e887baa8163ab6c4b8b8e5696935c9898639d9064a19463a7784f9d6e4dae875bae8e598cba81b1d8a7d0f4d0ee
549294,3a2821463a314c453b5e564375705b9380637b5f437e7f76616d726956466a4d3844424851443748433748483f53544d393b352725220f0b0b050304
549935,3a13052b1104392914433012553e1341391729331a223c2417615010463f10463d2152474c675058563506070306221a0c2b2503090c040f12101111
550988,a69fa0918e90919599969394899ca68286898682838c8687989698939da68d878c89797a7f7375927c7c7f737d726159665a59769dab4d6b7b19212f
551332,3835163c39173a39184d4b2764613a5a542f5b5331312b136a675b7e7b6e423d264b44284d462a423821645b3c8176518c8449787a304e5619343d0e
551994,0000000c060432100d59231d7c342b76392d72291e512d1f40301f462d1e4834246c5945735e4d664f3b3a2415301c1221140d1b0a08190908120807
553141,e3e1e0dad8d9bcbbc0a5a3ac9390999391998380886c69736f6f79898a9184868e91939a6769733d3f4e42414f373444302c3c322e3e302c3c292536
556574,dcb64de0ba4ee4bc49e4ba43deb23cd9ac34d5a731c79c2dc0962dd0a336967020856c398e691a7953058d610bab7609af7905aa7506a77105a47006
556694,87565b8256596b4d5357393b4d272460281e6127206f3224883d2c924234a3513da0584a9e5a53a44856ae7883b78d91c784a2e6b7d4dedde5e8e2e9
559969,3809053e100b481a1550241e56292358292350211b56231c622b2559211b4f16104c120d450d083e0704461514674242532a2a3a0b0b350404330202
560016,5a050b5b050c5c050c56060b4f060b3804082b03062703062a03063203072f02062d03062703052402052002051101032105067f0c0c660a0b100304
565028,ffffffeaeaeab5b3b2dbd8d59f9c99433f3d211d191c18151512100e0c0a0c0b0a0d0b0b1a19193433343e3c385e583d3c3b352f3031303031313132
565312,74cde902a4d90fa9dc1ba3d02c9ec43894b4508a9d5e87947cacbc79acbc43a3c229aad61aa9d912a8da27aedb24adda20acda0fa8db05a5d994d9ee
565743,02022301042b020836101f57273f7e243e821e3b852448961e499d214da3374194273080072675062778001a673d4e816e7897404a7400033b030534
565770,7baeee627fb66e6ba275679d867aa67367965f619a5e5d976a68a065639f8c75a88e73a38f79a5756f9f6d6da0625c92393c781d2c6b0e173c060c26
567189,4551582f3a4420232d24232b40373d473e4447424a312f3937393f434c52475c644a5e663b4e5646505655595e58595b383b3c393e403534351f1e1f
567609,810303890c0a9413109e1410b03a34a43a3392221dbf7370cc8a88c57e7bbd7c79b98883b07c75af817aab9c93b5afa9d8d5d4dcd8d1d6d4d0e6e6e6
572468,160c07190d071c110a221810261f194037326c5e567a675d6b584d5e483a5d47384835293e2b1f47332837281e170d075c060c72060f270407000202
572802,85a4c27d93ab7b87968f8e93968b8886787191817786796f887f7596897eab9a8baa998ca08d838d848264686b5f6c746171813843511d232b10161d
573680,0f05011609011d0e012413003b280a5a49254f3d19513e18493612301e05261603201103190b011408011308020b02001a120e201b17020000050102
574284,99eaf186eaf26fe9f44ae0f45cd7f069c8e62cb0e123a3da1889c71566b012408d0c205d1a4b6f236f9116779e0a6c95085c86074a75063967063566
575264,9b96978e8789a19497a59695a9918aae8f86967e786a666a6d6d74978a898779747b6f6b988583947c7ea88d8accb3aad6beb1c4ada6aaa0a5adb3b8
575265,e1e3e38a949b858f9680858385897d8b8468987f5190754685765387846b7f7d6c7475697d81739ea095b5b6adb2b2a998998f797a6d4a4e40c8c9c5
575774,9899957475735758564c4c4b494a485d5d5b63636051514f3333322424243334334b4b4a44444362625f939390a5a5a1bcbcb7878683b6b5b0c7c5bf
575776,1d1d1f1818193e3e40646465464748716f6f7e79755041392e1d1435231a362319231a161c17142d272135302a413c35332e2a191616181615181615
576845,31315234365a49476a464165494873464d7f42508854528b605e966d6caa5f5e9e474d8f2c2a632d334f343743292e39271d2b3d1a231c242d08142b
577922,778d9d758c9d778c9c7c909f899baa646c774d4f564e545c555f685a62675a606458616a434b53555e677784918293a47b8d9d7788986c808f5d7283
579974,1b2b374d55594949491b1f24292b2f3f3b3d5a4948745b54674c4652413b5f4f46887e68868573817c757662536150435c4a3d40373321212519191e
580175,3674974a82a26194b198bccc8fb7c8679eb787aab598918172624f756656736253504a432b2d2a2f2f2b322d27382e254f4439534b41433e382e2e2a
580630,8d1c158f2a1d552922402c2e543938694c466a534b7e5a4e5e4e4956454065453d5329265a26226a31295a23236825247b2822721c18671514481215
581531,0202070000040e0e126665671f2023000205131b1d1a2629192a2e2634342c3032221922241b2337161a28080a0b0407181817211c18191515100e13
585759,39282b61393c72474b72585b73515770484d512d333422294a2d335e33385830354a292f482d3139252b41272c492b30392228312529271b222a1920
586592,ece6d8ede7d9e8e3d5d4cec2e2ddcfc5c1b5afaa9f8a7a67a58b6aa0876a968876b6afa2c4c0b5eae4d6ddd8cbd9d4c8e1dbceece6d7ece6d8ece6d8
587496,bbc5d09da6b1949ca899a3b0788190555f6f475163525e7256667e485c7c465e8839547e435b7e3f516a2b394a3946543d4a582536492c3f532e4155
587792,1cd3e52ed2e34cd1e078cedaa8bcdac4bbd8aed6d8c3eadb99a5889ebd9a83b1a18ea99fafa8964bb1a81babac18a1a4129fa2129ca1179da219a2a3
589871,0e0e0e0c0c0c0c0c0c0a0a0a141812233420202d1c5f605d7473741a181a404b357c95637891606b8355586c4a5c704c55664a445d312e3f221b1c1b
591273,3407344c154f2b1937311741230e381d0f3e1f114f250f54320a544311694320813c318832408a1e2d721618464a0e2832162b1b2345280d2c10030c
591274,4d190e5c1d0f4f150c5f11095e0a067a211078260e5e17095b1007640a068b1308a02708a02e09903a0d7e3c0d8d190e51270f30380d2f180a2d0b07
592230,b47158b9755bc17658a93215b13b19af3f1aa34927a24c28aa4f2984341d8c3c1f863b217a3a25964823ad521fb04f1fb35420ba561ebd4f14cf8356
592831,2d231a3c2a1c392519452c195731177a4416915618a37027bd9950c28f39ae7d2c8961267f5622926c308d6f368c71375a421e3d2b1c2c2015251b16
593035,0202020304030c0e0a1318111d27192b3e2125331d222b1d212a1e212823242d20434a39554f335a4f206f65228375208c783195784b9f6d32ca884e
593643,0301040705082c2b2d393738120c0d261c1c302522554d4c5e55564c3f3f3e2f2f44393a4037392d272b2721243b30312721221f1b192e27222d2824
606215,f3edd7f6f0dae4dfcaa5a193999689969286848176908c819490849e9a8cbdb8a7ddd8c5ebe6d1f5efdabcb8a8908e8378776fc3beaefcf6dff2ecd6
609972,12181c1a2228242e3427343b5b707b9db0b77282887e898e6a767b70838a5f717748555b3f4b503b4a52394b5323191d322f382d3641080c100d1216
610201,a5a9a0cacdc3a6aaa299988b9591848e887d9d9b93b3b8b0bfc3bbc6c9c0c3c3b8d1cbbbc9beaba58e78967a629b82667f6d5c625a524b474137332f
611605,2d434c384f574f54576b5952504f4d303b414e4d4e4a4b4d2b343b343b3d393f41242f37293339353a3b1b262c222f3521262a10161c081016091016
614199,d1c7b3ccc2adbdb49fc1b5a2c4b6a3c9baa8cebcabc9b39fba9c879b70589761446b200e87211079180c460b05411b12442c25260e071709030b0302
614696,6864755f58696d6a7d8382938382919192a38b8ea28484986c65796f5c705c48594c3948564755645a66675b65493a485a49555946544236412a242a
616037,5c29636b49806660936063957367938975977c68958e80a69a89a0986f7a9d637184416b7e3e6f613a6d3b29632f3360596b8449425c4a637c17335c
618219,1a171b362c31423436564343634b477b5c52946e5e9874649873637c534b6e4b4666433e6b3f386937307246439c7d7b9e81808f7471371a15150a08
619264,011716011a1900212012474c0e505b05414d074d56287e8a0d6c7c004b5902373f012b2f0124280220220016161a2a29596060555c5b1e2927000a07
623491,ae084ab90e57af1a59b02459bf6174bc7678be7274d48e87d59081c9756eab4756ad3c53cd6b6ada8272c3555f982e578f4867845866511c2e460f22
627979,4860906b7ea596a5c1a9b6c7b8c0cebbc3d0b4bdc8a3a5b1777b6e6c72647f7e83837f7f7b7777706c6d7d70708b7e79867c7a5e5553433c39312b29
630004,41495755545c675e645f5e664c5b693c4853303943333c4431363d292e362e3a444a555f67717b54626f606b75737b80686a6d84746e826d684d3732
630240,1d316f1e326d25377969764c81853c5d2d666e23648a2a5fa43559ad3759a5345fa9335dbd3755c23b54b63359ad2c5f863167c13860b6285fda185a
632304,374e774363886184a49eb5c6a7bac975879a697c9071829381919f899aa799abb7d5dddfdbdfe2dee2e1e7e7e38e989c4f5c678c9091c5c5bababaae
632357,998680bca08fc6a88ea6957c706e655b5a5644494f27303a161a203334382529301b2531263342384a574456633c4d59485e6a55707d496270364b5b
632856,6840287c5235875e3f79583b5c573a5861444c4e3458493253312249181157382f7f6c5c816b5b644336442b1c4333213e2d1d432c1c4c2a1a4b2516
633604,a85766914d5f692f3e66364467495a6f53638670829180918371846d5564643e4a4d24303a19212d141935090c49090e45080e250507090203020101
634649,3f455b7a7d8f9a939e987d8895797e916463a9706c9d716a8462617357558a5f589462599f766ca9887e9c7a7593787372646f4d3c513e3e4c222433
635731,3a2727352223322022392526351f222a14183c2426422a2b371e232812181c0a1318091115070e15070e13060c0f040911070b140b0d0e03070f0308
636706,18111012090a766f656545465b27336b3e474c2c313022203122212514154a35385c474a5230365335383b2c2a322525342a2a2a23231715140f1010
639933,2f3d49525e696d7a845766714b586255606957626959616666696b626668595e5f5051525857565e5c5a696a668c8570a4855a7e5b39342f2e212225
639988,094e8b1c65a1306c91325970517891537f966a8fa17795a45e7b894d636b49514b232a233c48493847532f3f46324952384b534445453a34332b2b30
642732,cfcfcfc0c0c0d0d0d0dbdadaf8fdfddcc4c3b98282dcd8d9fafbfbf3f3f3dfdfdfe7e7e7eeeeeee9e9e9e1e1e1ddddddcacacabfbfbfb7b7b7cfcfcf
644495,08020d0e0c1d16182f43414b6053555c545d434552252d440f183407091b0508160508160406120504092423242020202a2a2a3232320a0a0a000000
648579,618d7f868c7b8f82787e7173625d6d585d705e6273414d623b45624873864f94a34264784951645e6375585b6d6a616e8577768f847880907d52887f
653346,bbd6d2c9d9cfc2c9bcafaf9c959b8e82928b5a635c5d56485e54446f5f4a6c5a446d5c454a3b2c30251b2d261e5350435854424d472d2c2413211305
653575,0211390011451c22534a3c622b30702935810934a31b68c9135a8e085e780b5963176c60146b5220664c65302d750d2341031b6d496daf85be956d9c
653643,161a238b7a6f8a726186624e7e574670524a5f504b60514a6e655b554f46434039332f2a413934534b40a6917d9e85700604052623214f49421b1917
661374,0e3c910f409c1a4b9d537280778b6c4d7995397dc3418bcd539cd570a2c08891928c7c729f877a9a7b6980634e7e5a43777e7b3f75900e3c59021e35
661539,352f2e3f38364d43406c5d578879718a7b73635b58575553736d6a8a827e867d797a736e6f6864756d6977716d95908d837e7c7f7b79797675797675
663866,000000020202100d0c19110f1a110f160e0c382d27545b54191f19686660617b7c11565a155d60165456155454124846173a381932321f383524312f
664297,3215352914313a0d27720c256e0d276a1130911337741d4d5924585b2c686727716c175a79145f7c12684f13685510683f105a130f29360a141c0b14
666277,80695c79645862504762554c706356746555756352776b5c706e646e6d5f6c6d6060605b5a5a5863615e5f605c595e5a484e4d2e394025353f1f3037
667216,00000000000000000004010137090b4b0c0f3e0a0c1b05060000000100000000002b1e1d4c38354433303e211e58232168201f6b1a18671815591311
673175,0b658932829c7ba6ab5885738f996ab49b74b4aa9fcbc6cac5b3ace2bfade0804eea7b40ee7c3af07e42e97f51e69469f0c3a9f2d9caf8e4cff6e8d2
674324,b8bc9fc7ccabd7dab6dddfb4c1c892c1c698c4c6a2c2c1a4b4b49ba9aa91a09a83877e6d7972678c8775817c6d675b505e50475d534a7a6e5b80735e
680593,3f0807661e1b90423c9f3c33983c36a85953a93228a61100ae1807b21807ab1709b41909a0150a580c092105051807070803031b04040d0202000000
681326,04838103a2a14fa9a198887572554a407a78159397138d923a7e7d685b51397a7805b3b8069a9d2d8a8a3d93906fa49f679e9a65a49f4089870a484b
687163,113e510c3b4d17414c21444b253e412f43464057575265636c7b755c6c6c353f40484540645a516a67605f62565b6056696f66303a3d08131808171e
688848,e7e7e7fafafabebebe908f8febedf0e3e9f4d5e0f3cedaefd5dff0ccd2ddcbd6e9c5c6c54f4f4f7070705a5a5a3c3838888686504e4e4d4949f0efef
692969,000000000001261d1a1d16140000001d0e08593f2b886548825738714d31755436865f3d683e2743281d623f2f7b15098a150769160c4a11083c0c06
693134,d55f12e5761fec8227d56c1ab75513a4490fa1440eba4d0ec1520fc5510ec3540eb8500ea9480e983d0dae4910b74e0f8f340c6e2a12571b084d1705
693906,002443442b43872d3c602b3e0021412b3d4513344a12284853293d49283e15233f032441273d490025433629436d2e41642d400a2a4a0b2f4808243f
696506,021517021b1c022828195c55205853264a452e3f373d3d2e3d3b2b463e2a4d402b553f29573b224e3820674320553a1e0f1916353d3b122320001412
696806,4d5c77525c72756b76957e83b08c86bd988ab18f86a67f759870658c645b7352527153577c656a5b4b5b24243a14182640434c393b44161923090b17
697843,e8cb7fe3b564a56e3c7e4b2b7c3f1f6c361b5025124921103f1f1065361e7946298c5f397e502f5b3e2c54361c4b2714645048493d39160904190b06
701387,7f2527ae756eb179708223257b1f21852c25903827a65228bb7934c6935ccda076c89b70bd8b65c3946ec29b77cda883cea67fc49772a8765a98624a
705861,352c2c352d2e342f316965677b77796d6b74393744533c3370372885332a823c3b753e415d40343b28213f241652382b674f3f5c493b483a3134281f
717980,33403a3b50484853485854436358435d503e604e405641354f3c336853436e523d5f4f3f5845375434214f2a15674a366a51395f492e5e4e375a543e
718930,232c348a707497737a796c78233a5e2f4174745283854d68876867857a6d6d746b6c635385634f635a513f4c47555a505952455c342467311f40140a
719221,1c0f0d20120e25151022120e2916102f1a133921192d191335211939221a2f1d162d1c16321d162816112213100f06051109081a1314090506070606
723072,0e0a0b3a2f2c6c5d597e6f6a685a565645407159537155520907073f40413d3d3e3b3b3b4443441d1d1d1b1918716b696d64626c5f5b725d593c2b28
724130,3540603742618a92a19098a376808f7480917b8898a6a9adb7b1b1b8aeacaa9f96837974625d622d2e3816171f0b0e150a0c111414121413131f1f1e
725201,16393a2132352b37392d393a2a353719393b2f5b5b40646327504e234a491d48441d534c2d635c3f494431292e2c242b241f28211d28221f291b1e28
734353,28190d31200f36220f523213734717996a26a379369e73319f7030a07131a1712d9764296831176c331a6b3717472611493320514131473e2f1d130b
740925,4d4a3b585542424836343a2a3d422e25271c0b0b0613120c1617101a1a141e160f241a132e1b1335150e330f0a3607074c0a0a4e090a3f0607300404
740985,56a4ac5cacb47dabaea6bbb8bdcec8b1bcb2b5bea9aaab90959373979c79839075778a7480967d7b88559591358885307b77297973264d562c3c4c31
744857,be2323cd4b4bd44d4dd84343dc5c5cde4544de2727de2c2cd92929b32424a92323ad2322a320208e1e1e6d1818481010160a09100909110b0b140e0f
745881,3c494d3d4a4e404e524151544251544253544355574a5d5e5164654358594554544856574e60625061605164584e5d544e55525e575056564c363c33
752505,110f0c0605041e130f432c1a4a341d5c3f206d3a1c7046224e3b254432265b433161443153302362332058291b3d2917745a23322e1800000312100e
753342,b3e6e5acdedd86b1b0779f9d7194927187857b908d71868470848360716e63675f454640494e463d383232322b68211d72181627241e24231c24231c
755566,7eb2c206788f31878a5f968a8ca690949f8c6e77656977635b6f60586a5479634b9f555198494c9957539a59589b5f4cbf992596542073202c823d42
756999,2a20142c22142e2619231c111c160e251f14544b3b6e63547a705f6b5f4e655745675645594637382316321f124223168b3628592a1d241d11241d11
760104,251c162e20195430235f2e215a271c5e2a1d642d1f602d22694c45634b3f6f574a6b4d425e291e652d2251251d3d1f1944251d472a202b1e1a111111
760868,385562314f5d3e525e6a727a72777e6b737966737b52666e445c6745626f647c8482959a6379825e767e4764702e4c5a2c4b5a1c343f172e3a172e3a
760875,b6b39fbfbaa698908472685c5d53494d443e534b475a4c49853d3b6e2324651c1d5f1a1a711917761d1878211a7b392d64564166523d5d422d502e1c
762504,030a17030b1b030e21051837061f440c2d5e0720490b2e630c316a092a600c32700c2b5e06163103112519243211140c1b1d144c4e4c141613010300
766507,a7bacbb2c5d3b3c2cfaabac79fb1bea1b3c0a2b4c096a5b175828b69747a676f76656b735f636a4d5157494f56494f5552565935383b24272b1f2227
780609,010701020901020902030a03030c03050e043b472d5565364e6229384e1b203511212f1b2d3e1c3849281b2a160711070106010608050c0e0a010300
786892,14929c2d8e9059948f7a9380969576998157c38d3bb874378d5129985126ab5d28a45023a55729944c248b3c1d842e196a20145219122e0c0a150505
792307,ccd2d696aebc93b0c09eb6c89dabba9198a29397a0908c928f83867c70737471738c9090747a7c7373727f7c76817c779f938bb5a79d8f8885b2aead
795615,1b25251b2627232c2b30383230383128332d2e38324e5b4e6073646e85768ea594899e8980967f7b896e4650421414102728231f201b0f100c10100e
798286,032e3e1b3a433d4545423f3b574e485f5b575e5b577d6d637360567762597962577e62547c62548771657c6e6570645b675a4d594d41443b332d2a28
799375,0303031519161c211d0f10111314151b1d1f222528282a2e2e313633363b3e42474f52565d5e625152554c4d5056565945464a3f4043232326111112
800158,16171c191a1e48494c4444481313181a1f231d25272430312431331d262b323231363634323836373c39393f3d464d494c5a5750605f3e4c4e2e3a3c
800279,5b62635258584248474248485358586b70707a81807f8683797f7c7177746f777569706e6169676c73726c73715c6362636a68424949232827292d2b
800815,4852624952634c5569454f643c485a313e502e3b4c2836472835463c424b363f4c2a384c2d3a4c303e512d3b4d2835452f3a471f28320f17210f171f
803796,403c8f47429c5e47ad8655c0b073c5c27bc2c47acab27fcdbc96c8af82c48b6fc87671c96560c1727acf7093de6aaeec428dde3751804c668850699b
804150,0b06040b07062b2726423f3f2b28283734353c393a433f40555253625f605a57585956575854554844454243434a2829460709260809060202070201
805627,9dbe82a5bf87a5b185abb383a3ae7b8b95787a88707b8e6e7ba47079ad7c75ab7989ad7caab986cfa58ccc998ab6af87b1c684abb076aab378baaf71
812583,adb9b4a2aca7868c87667472555f5a636963555a53474a4244413943403a3734302b292420201c1e1e1a0d0d0d0e0e0e4747462b2b2a0e0e0e0c0c0c
849369,1a160f130f0a140f0a16110a16110b31251a574332513f2f51423162513c57473642352946392b2d22191a120d110a08270908310b0b120706050605
858017,0200010200010101010101010201010502030c0106240c1c4126393a1f303416281101090f040b090206271126361736341c330f090e000000030102
858096,ababa9adadabadadacacacabaaaaa8a6a6a59c9c9b9494939594928785837c75747f7674625957453c3b5341408c7979372e2f2e2d2c494948626261
866413,10131128271775661f6e5e1da98f20c2a222896b2c8c7a52a7ad8886722c7068349985559b795b825f485c4a496f5a528166538d725d605042483d31
870028,102c3f15394c2141513b484e5e63615b62614850504f524f5757525555514e4c495d585249595f3d515a20323b101d2842474d6065690e161f030b15
872585,71220ab55e18d99339cb7d3eaa4315903b1877260f65170b490e09591f114f180b48140b45130a41120a3d1209330d081c040335120e401812200603
875828,190f052518083d2a104331153b291136240e2b1b0b2111072111071d0d061c0d0745382b483b2c4b3f30483b2f3d3127241711150702150704120403
877817,fffffffffffffffffffcfafcde98badf8eb5db82acf5dfe9ffffffffffffdeddddc7c4c4a29d9c2c27262723234240461716180303030b0a0b090707
882598,0e11141b1d2027282c27282a27282a26272a3533362d2c2e2726292e2c2f27252715191c3c1b1b551a174e18162812130a0f13181c21181d22101418
884184,eae0dde9dfdce6ddd9e5dbd9e3dbd8d3bcb8b8a09caa9993cdbcb7d0bdb9d0bfb9cfbeb7cdbab3d1bfb8d9c7becebeb4d2c1b5e6d3c5d2baaed2b7a5
884605,0d0c0c25160e5a3b2b9e7157bc8567a77159b67c63cb876bab6952a36a518a5641734b3969463e6549476f5e5d9486818274718072705443423d2826
890825,2a485e2f496329638c3f7799647d9467788c435067524b5a68555e50414c5b48505141472d1f271a0b15241720292a3461636b92959b433e48302a34
911430,323f433240435e6967828b837d837a646a645d635d707572686c6a6e716e7a7e797c7d747f7f727f81738585758886726062533e443d4449434b504a
913290,c20101b30203a61011ab1313ab1313a50f10a30d0ea71010a81314a311118f02028f03038e0203b20101c401019b0506800708b10404c30001bf0001
925705,46423f56524f585451625e5b605e5a5c5956524e4c423f3d3c39363f3b393b38362c2a281a19181413121815131517153414145f0e112c0b0c010707
929230,0000000e08054324175639274e493352533e5851374f4a2e4a3f2a41402f3243373d544a47544d403e303c51324b5e33435a394b45230a0705000000
929590,7c786e8e85778c7e6aa38e6f9f886c8c76608a7563726251685d48729a4c679149434138393a344b4d44676256635c4d524c3f35322a2e2f29272824
930094,7e51327759476e584f80685b846b5d7f6454765c4a8464509775635b595f424d5d5255602c313921262d1f232a36282f3b2325291515341718230f0c
930564,1f14111c110f2c1e19442d265c413a684b45735048744f434d332b4f38305d39305e3d3674564d795248563832351f195c4d1a453b1614080c180f0d
934433,38393c2c2c2e37383a3a3a3b3f3a39493f3e40342f53433a5b4d4548413c6b5e5b8d7e7b4f41345b493c4c454151504d61605e706f6f8b8b8bb1b2b2
938614,3d1218651a19481318541e1c682c215329235f33237138205e2d1d62382a6a3b33683b356137345a3330542d2d582d2c4c2323431a1b431a1b39161a
940721,ffffffeff4f4eef4f4f4f9f9e6efeed0e0ded7e5e2cedcd8a9b0a99c8f87a68f89d6cdcad1c8c6a395959c999bc5c5c79a9b9dbbbdbefdfdfdffffff
948713,2b352e172522283531485147636554605f4e716a557c735b4e514328342f1d2a28101d1c0d1817081415091415111717191b1a1818170f100f020203
949423,4912124817155d211c79453e8b5d529c6355a77061994b4185241d7f211ba22522a92623972f2a7b2f2a86433d91706a794d48551916310d0c1e0606
950387,9db2bd9aaeb77da6ba79a0b37092a080a2ad9cc0c99da2a9936b74805a5f775e5e615251614e4f705c5e6a595760514354412f3f291b36201428170d
958196,91856b847d628f8c769e9d8a9a99859e9f8c958f7d8d867690856f7d694a6248255c44214e38194c3c24867a62847a5c7f7c67676b5f3c433b242b24
964980,fffef9918e88624d42705045735b53807273787274a2917e8d8174726a639a8d83ac9388b5a297c1b8b1cbb5aec9968fd6a6a0d79b95f7ede8fefdf8
969492,cca68e786d5e695e4f9174608a735b756e537b7155847255886e52a68259bd8750a06e3a7c5d3471522f60492929351c0e21104c53446f7061202a20
969681,3f0f174410193e121c3818233921294931324437382e232b6a282f8533357432347d3b38854231672e1c430f0d1a0505480f1867112227181a05060a
974576,627f8d6782907386928d9fa67676755547413b37343033328b81838c75779587859e8c87b39d95ab938a9c8577775f4e2b19110b0301060401050400
974635,9a740f95710f967110a77d1b9c73297955225c3e1666421881562c7441227d43149f6a1a99631a4b2d11311d123625172f1e11381e114e351c4d3418
1005031,0103050c0d0f4646470f1214000e100628290a4f4e0c787534999542908e43929051a3a052a7a4349e9a1788851765632066651a6c6b1456540d3636
1022789,4f2330774056965e81a570898d4c576c4048756d79506c946b8194737d7694957dad7e5da4785696675c916f72866c79817a834c475428232e1f2127
1023922,1a0b012c1606684932885d3c96633d9367499667467a4a2e7c42235a2914421c0e3612093c150b3c150b310a0349251e9d7f74583f381000001b0a06
1024721,86a9ae78a2a85d8b964f7f8c66949d86abb091b2b7a6c3c6b1c3c3b6c2c1acb8b79ca8a8637e843c676d3b62693253601a2d3c0e18250f1a25162531
1041613,4e3e323a2c233828214c392e4e3b30402f26413027301f182b1d16231913150e0b3b2d245d5347727169655f57150a08030404200809160607010404
1054867,211e1b271f193b2a1f63423070503d5f42325e3b2c89644f8458417548318c5236a7552fc06a3d8d5431824b2890583aa87e69ba9685986855581a02
1064213,6b5a70735e72705368825b678f5f65874f5a8a525d84555f88616cb19095b78783b67e76c68d84ab6362a5535ad68283d0767a994e5b5528384a2535
1081694,1b002b25093043223f5430465531465f3b4b48263d4b293d65404b4f2d3e4827363f213231172a2811231d0c1e1f14233e3842302b3407000b09000d
1106739,0e0a0816100d16110e1a13101b131018110d483f35352e2717140f1d1a14201912412f234630233f2b20402d21301f164031272f28221d1a1523201b
1128720,6959496a5a4a635748837261897764806c59705c4961503f665647716152695c4e5e524754493d60595176726c44403c2826211f1c171f1c181e1c18
1159831,0e1a211a1f24322d2c584b44584b465448427c695e96837a82726a73655c6c6662726d696b6058473d361c2327623c248e4b218e49214b2c21131420
1169207,68656fd9c6c498898c675954866e5d8b6f5d7c655a736c6570736d847f78927e6f7f6452412a1c1c0f09504843534e4a433f3d191513020000030202
1226578,3e34214337233c2c1d3e2c1e3b2b1e37291d41332245382341331f42321f46341f4735212f231b36241c39271d2a231d5a17157f1111281a18171a1a
1233413,d04409d43707db5407e37807e47008e2610adc773fd9693dd1320bb11c0d931616521115070709140709140b0e170c0e261418261114170d0f0c0708
1241436,e9e9e8e9dad2f0834fe4c3afd6d4cccec4b4c0b4a4b2a5969989778b77607d664d7c5e427a543769462e66442e634631604532432f262e221f271d1c
1241983,f5f4f2e7e4e3aba5a47e7977676160605452635856695e5c736b6a97929087807e75706e726f6d817d7ba8a6a4dfdddbf1efeedbdad8e4e3e1f8f7f5
1242011,2812092711082812093a2316442718401f135d2f1d8e4a3185472e763b266c35246130216b342650261b3b1c12170803231814372e291308050e0401
1242898,1740442751533860604c6d6b637b747c8579a19e8dc4bea8a8b0a3728880506765405859253b401d2d3311141a0b080e2110152b272a030103010204
1257009,bcbdb7cecfc9dadbd8dbdad5a89992907e76816e67634d4b7867628577717f6d6982726fadadabc4b6b3bc9e9dba9a99c9b7b6dee5e4d1d6d4c4ccc9
1259102,69b5e06db7e18fc5e5c7dfeed4e2eb9fa1a57c6f6d917b76816f6d775f6069494c563e43754b3e612d206b4945aa863da48222898668bdc9d6c0d5e0
1290159,929496839399787e87738d98659aa6638f9b617e85698c913540433e10176b202666192061171f36191e3622243222242a1c243125302c2c392f4957
1290879,5b6d72465a61485a623d4f5a414f564e585d66686b5b5b5e5555585c5e6046494f484b504e565a252e351720281e252a2125291a1f2413171d0f141b
1306368,190f0637211056361c59371c57361a5032193722123220134227144e2d1543240f40210b3c1f0b2b1609200f0629180c3733304f4d49171514040201
1316092,f0ede7ebcfcbebd1cdecd6d2efdcd7eeece7aeaea8807f7974736c6e6c657c746c98877ea69891ad9b91a993889f8a7d816d6192796fad9790b7a9a4
1317288,2b211a352b25382d27382b2449342c4c342b50362a5f463b7c5e5366443971544c8a756e76615c705c5968565372636064504b43251b4c2d21492a1f
1339713,0000000201028f8f8ea4a4a31514160d0c0e171312271c142c1f1a281c18281d1a2825243530303025222219171a1312110d0c080604040202020001
1368337,b4a27fb3a282a3927b917a668d7661a690789a897482736574655d584a493e30313324272d1c1f22141a1f11181f12190f0a110e0f1b05050d02020b
1430077,2c0f151e0f16210f16230f16310f156011145e1214551313481713511c1a4912134912134b13146219165f18177f27199a52328a513b5d261d51211c
1709801,9bc3dc7194aa506f8759758f5d7390576c8a485f803f5b882d436d253255242c473b52783d5d853d597c2e50722e4d6f3f57813e4f73111727060f23
